-- phpMyAdmin SQL Dump
-- version 4.8.3
-- https://www.phpmyadmin.net/
--
-- Servidor: 127.0.0.1
-- Tiempo de generaci贸n: 24-12-2019 a las 23:52:38
-- Versi贸n del servidor: 10.1.35-MariaDB
-- Versi贸n de PHP: 7.2.9

SET SQL_MODE = "NO_AUTO_VALUE_ON_ZERO";
SET AUTOCOMMIT = 0;
START TRANSACTION;
SET time_zone = "+00:00";


/*!40101 SET @OLD_CHARACTER_SET_CLIENT=@@CHARACTER_SET_CLIENT */;
/*!40101 SET @OLD_CHARACTER_SET_RESULTS=@@CHARACTER_SET_RESULTS */;
/*!40101 SET @OLD_COLLATION_CONNECTION=@@COLLATION_CONNECTION */;
/*!40101 SET NAMES utf8mb4 */;

--
-- Base de datos: `tienda_master`
--

-- --------------------------------------------------------

--
-- Estructura de tabla para la tabla `categorias`
--

CREATE TABLE `categorias` (
  `id` int(11) NOT NULL,
  `nombre` varchar(255) DEFAULT NULL
) ENGINE=InnoDB DEFAULT CHARSET=latin1;

--
-- Volcado de datos para la tabla `categorias`
--

INSERT INTO `categorias` (`id`, `nombre`) VALUES
(1, 'Mesas'),
(2, 'Esculturas '),
(14, 'Adornos de Pared '),
(15, 'Sillas');

-- --------------------------------------------------------

--
-- Estructura de tabla para la tabla `comments`
--

CREATE TABLE `comments` (
  `id` int(11) NOT NULL,
  `id_user` int(11) DEFAULT NULL,
  `id_noticia` int(11) DEFAULT NULL,
  `content` varchar(500) DEFAULT NULL,
  `created_at` datetime DEFAULT NULL,
  `updated_at` datetime DEFAULT NULL
) ENGINE=InnoDB DEFAULT CHARSET=latin1;

--
-- Volcado de datos para la tabla `comments`
--

INSERT INTO `comments` (`id`, `id_user`, `id_noticia`, `content`, `created_at`, `updated_at`) VALUES
(3, 1, 1, 'Excelente trabajo de programaci贸n para ser amateur', '2019-12-13 07:09:33', '2019-12-13 07:09:33');

-- --------------------------------------------------------

--
-- Estructura de tabla para la tabla `direccionesuser`
--

CREATE TABLE `direccionesuser` (
  `id` int(11) NOT NULL,
  `id_user` int(11) DEFAULT NULL,
  `codigoPostal` varchar(50) DEFAULT NULL,
  `estado` varchar(100) DEFAULT NULL,
  `municipio` varchar(255) DEFAULT NULL,
  `colonia` varchar(255) DEFAULT NULL,
  `calle` varchar(255) DEFAULT NULL,
  `noExterior` varchar(255) DEFAULT NULL,
  `noInterior` varchar(50) DEFAULT NULL,
  `entreCalles` varchar(255) DEFAULT NULL,
  `referencias` varchar(255) DEFAULT NULL,
  `teleContacto` varchar(255) DEFAULT NULL,
  `coordenadas` varchar(500) DEFAULT NULL,
  `idEstado` varchar(20) DEFAULT NULL,
  `idMunicipio` varchar(20) DEFAULT NULL
) ENGINE=InnoDB DEFAULT CHARSET=latin1;

--
-- Volcado de datos para la tabla `direccionesuser`
--

INSERT INTO `direccionesuser` (`id`, `id_user`, `codigoPostal`, `estado`, `municipio`, `colonia`, `calle`, `noExterior`, `noInterior`, `entreCalles`, `referencias`, `teleContacto`, `coordenadas`, `idEstado`, `idMunicipio`) VALUES
(103, 1, '54806', 'Quintana Roo', 'Tulum', 'ARCOS DEL ALBA', 'AV DE LOS FESNOS', '11', 'B1', 'CHOPO Y KOBLENZ', 'CERRADA DE EDIFICIO', '56131511', '', '23', '114173517'),
(104, 1, '2', 'Estado de Mexeieeesco', 'Cuautitlan', '2', '2', '23', '23', '23', '23', '23', '', '1', '2'),
(107, 1, '56874', 'Zacatecas', 'Moyahua de Estrada', 'ARMENIA', 'PASEO DE LAS CRUCES MANZANA 8 LOTE 16-1', '23', 'S45', 'MORA Y MARGARITA', 'CERRADA DE EDIFICIO', '5615854', '', '32', '805113411');

-- --------------------------------------------------------

--
-- Estructura de tabla para la tabla `estados`
--

CREATE TABLE `estados` (
  `idEstado` int(11) NOT NULL DEFAULT '0',
  `estado` varchar(200) NOT NULL DEFAULT ''
) ENGINE=InnoDB DEFAULT CHARSET=latin1;

--
-- Volcado de datos para la tabla `estados`
--

INSERT INTO `estados` (`idEstado`, `estado`) VALUES
(1, 'Aguascalientes'),
(2, 'Baja California'),
(3, 'Baja California Sur'),
(4, 'Campeche'),
(5, 'Coahuila de Zaragoza'),
(6, 'Colima'),
(7, 'Chiapas'),
(8, 'Chihuahua'),
(9, 'Ciudad de Mexico'),
(10, 'Durango'),
(11, 'Guanajuato'),
(12, 'Guerrero'),
(13, 'Hidalgo'),
(14, 'Jalisco'),
(15, 'Mexico'),
(16, 'Michoacan de Ocampo'),
(17, 'Morelos'),
(18, 'Nayarit'),
(19, 'Nuevo Leon'),
(20, 'Oaxaca'),
(21, 'Puebla'),
(22, 'Queretaro'),
(23, 'Quintana Roo'),
(24, 'San Luis Potosi'),
(25, 'Sinaloa'),
(26, 'Sonora'),
(27, 'Tabasco'),
(28, 'Tamaulipas'),
(29, 'Tlaxcala'),
(30, 'Veracruz de Ignacio de la'),
(31, 'Yucatan'),
(32, 'Zacatecas');

-- --------------------------------------------------------

--
-- Estructura de tabla para la tabla `imagenesgrupo`
--

CREATE TABLE `imagenesgrupo` (
  `id` int(11) NOT NULL,
  `nombreImagen` varchar(255) DEFAULT NULL,
  `id_obra` int(11) DEFAULT NULL
) ENGINE=InnoDB DEFAULT CHARSET=latin1;

--
-- Volcado de datos para la tabla `imagenesgrupo`
--

INSERT INTO `imagenesgrupo` (`id`, `nombreImagen`, `id_obra`) VALUES
(1, 'img.jpg\r\n', 1),
(2, 'insta.png', 1),
(3, 'aguinaldo.jpg', 2),
(5, 'img.jpg', 3),
(6, 'img.jpg', 3);

-- --------------------------------------------------------

--
-- Estructura de tabla para la tabla `imagenesgrupoproductos`
--

CREATE TABLE `imagenesgrupoproductos` (
  `id` int(11) NOT NULL,
  `nombreImagen` varchar(255) DEFAULT NULL,
  `id_pro` int(11) DEFAULT NULL
) ENGINE=InnoDB DEFAULT CHARSET=latin1;

-- --------------------------------------------------------

--
-- Estructura de tabla para la tabla `lineas_pedido`
--

CREATE TABLE `lineas_pedido` (
  `id` int(11) NOT NULL,
  `pedido_id` int(11) DEFAULT NULL,
  `producto_id` int(11) DEFAULT NULL,
  `unidades` int(11) DEFAULT NULL
) ENGINE=InnoDB DEFAULT CHARSET=latin1;

--
-- Volcado de datos para la tabla `lineas_pedido`
--

INSERT INTO `lineas_pedido` (`id`, `pedido_id`, `producto_id`, `unidades`) VALUES
(1, 11, 3, 3),
(2, 11, 1, 1),
(3, 11, 4, 1),
(4, 12, 3, 3),
(5, 12, 1, 1),
(6, 12, 4, 1),
(7, 13, 1, 1),
(8, 13, 4, 1),
(9, 13, 5, 1),
(10, 14, 3, 1),
(11, 15, 1, 3),
(12, 16, 1, 11),
(13, 16, 4, 1);

-- --------------------------------------------------------

--
-- Estructura de tabla para la tabla `municipios`
--

CREATE TABLE `municipios` (
  `clave` int(11) NOT NULL DEFAULT '0',
  `idEstado` int(11) NOT NULL DEFAULT '0',
  `municipio` varchar(200) NOT NULL DEFAULT ''
) ENGINE=InnoDB DEFAULT CHARSET=latin1;

--
-- Volcado de datos para la tabla `municipios`
--

INSERT INTO `municipios` (`clave`, `idEstado`, `municipio`) VALUES
(617906, 22, 'Toliman'),
(652537, 15, 'Zumpahuacan'),
(1099113, 30, 'Sochiapa'),
(1345498, 30, 'Chiconquiaco'),
(1816619, 15, 'Cocotitlan'),
(2018011, 31, 'Seye'),
(2430715, 16, 'Lagunillas'),
(2878525, 30, 'Emiliano Zapata'),
(3018759, 7, 'Chalchihuitan'),
(3568930, 26, 'Bavispe'),
(3985554, 20, 'San Francisco Tlapancingo'),
(4285171, 31, 'Kanasin'),
(4289717, 20, 'Santiago Comaltepec'),
(4291169, 12, 'Igualapa'),
(4444438, 16, 'Aguililla'),
(4771222, 9, 'Miguel Hidalgo'),
(5342723, 7, 'Sabanilla'),
(5480339, 30, 'Castillo de Teayo'),
(5634815, 21, 'San Juan Atenco'),
(5688656, 20, 'Santiago Atitlan'),
(5988982, 31, 'Sacalum'),
(6545787, 21, 'Zacapoaxtla'),
(6621636, 19, 'Dr. Gonzalez'),
(7095637, 32, 'Atolinga'),
(7834499, 13, 'Agua Blanca de Iturbide'),
(7878768, 20, 'San Martin Zacatepec'),
(7894686, 12, 'Jose Joaquin de Herrera'),
(7912560, 19, 'Gral. Bravo'),
(9843660, 31, 'Sudzal'),
(10349925, 17, 'Jonacatepec'),
(10576731, 20, 'Santiago Tapextla'),
(10607375, 21, 'Tlacuilotepec'),
(10748555, 21, 'Xiutetelco'),
(11094911, 12, 'Tlacoachistlahuaca'),
(11104410, 16, 'Venustiano Carranza'),
(11257427, 20, 'Santiago Texcalcingo'),
(11811407, 21, 'Tlaola'),
(11994690, 20, 'Santiago Apoala'),
(12020157, 15, 'Valle de Chalco Solidaridad'),
(12319720, 7, 'Coapilla'),
(12552104, 30, 'Ixhuatlan del Sureste'),
(12761388, 15, 'Jaltenco'),
(12898528, 21, 'San Salvador el Verde'),
(13425017, 12, 'General Canuto A. Neri'),
(13552131, 7, 'Amatenango de la Frontera'),
(14328085, 12, 'Acapulco de Juarez'),
(14417393, 21, 'Tenampulco'),
(14611939, 31, 'Mama'),
(15174891, 29, 'Munoz de Domingo Arenas'),
(15185939, 7, 'Bella Vista'),
(15387861, 30, 'Oluta'),
(16213547, 20, 'El Espinal'),
(16514897, 20, 'Martires de Tacubaya'),
(16884651, 20, 'Coicoyan de las Flores'),
(17010100, 15, 'Morelos'),
(17233740, 13, 'Progreso de Obregon'),
(17327131, 32, 'Pinos'),
(17545007, 16, 'Ixtlan'),
(17555918, 21, 'Cuetzalan del Progreso'),
(17706866, 29, 'San Lucas Tecopilco'),
(18198808, 21, 'Tepeojuma'),
(18228381, 21, 'Tepexi de Rodriguez'),
(18407456, 15, 'Chalco'),
(18805678, 20, 'Santa Catarina Quioquitani'),
(18927455, 14, 'San Marcos'),
(19128217, 14, 'Ejutla'),
(19154756, 11, 'Apaseo el Alto'),
(19584692, 17, 'Tepoztlan'),
(19828066, 16, 'Panindicuaro'),
(21845810, 5, 'Ocampo'),
(22060294, 30, 'Tancoco'),
(22806620, 24, 'Catorce'),
(23325809, 20, 'Santa Catalina Quieri'),
(23500908, 20, 'Tanetze de Zaragoza'),
(23534981, 7, 'Marques de Comillas'),
(24045592, 26, 'Aconchi'),
(24247271, 14, 'Tizapan el Alto'),
(24703043, 13, 'Zempoala'),
(24713889, 19, 'Allende'),
(25346536, 20, 'San Ildefonso Sola'),
(25352521, 9, 'Venustiano Carranza'),
(25449528, 14, 'Hostotipaquillo'),
(25614486, 30, 'Villa Aldama'),
(26285744, 30, 'Naolinco'),
(26484327, 7, 'Amatan'),
(26763426, 32, 'General Panfilo Natera'),
(26851288, 15, 'Ecatzingo'),
(26970149, 20, 'Santa Catarina Mechoacan'),
(27251549, 31, 'San Felipe'),
(27259757, 21, 'Tepeyahualco'),
(27386508, 20, 'San Juan Yucuita'),
(27442133, 31, 'Tinum'),
(27835429, 21, 'Santo Tomas Hueyotlipan'),
(29177224, 29, 'Lazaro Cardenas'),
(30140897, 20, 'Santa Catarina Yosonotu'),
(30867273, 20, 'Santos Reyes Papalo'),
(30947486, 20, 'San Antonio Sinicahua'),
(30980098, 20, 'San Jose Tenango'),
(32156726, 7, 'Huitiupan'),
(32337649, 16, 'Ecuandureo'),
(32458692, 21, 'Altepexi'),
(32659635, 7, 'Santiago el Pinar'),
(32686281, 21, 'Tlacotepec de Benito Juarez'),
(33134625, 12, 'Malinaltepec'),
(33409310, 20, 'San Felipe Usila'),
(33568536, 22, 'San Joaquin'),
(33785442, 29, 'San Francisco Tetlanohcan'),
(33879686, 16, 'Nuevo Parangaricutiro'),
(33997054, 20, 'Santiago Matatlan'),
(34191337, 16, 'Indaparapeo'),
(34896668, 15, 'Polotitlan'),
(35513206, 7, 'Zinacantan'),
(36373826, 17, 'Tlalnepantla'),
(36705336, 16, 'Tarimbaro'),
(37063892, 14, 'Tlaquepaque'),
(37542661, 7, 'La Libertad'),
(37619228, 26, 'Fronteras'),
(37637406, 20, 'San Miguel Tlacamama'),
(37764596, 20, 'Santo Domingo Petapa'),
(38795033, 8, 'Galeana'),
(38826687, 12, 'Olinala'),
(39500518, 20, 'San Juan Lachigalla'),
(39588405, 8, 'Coyame del Sotol'),
(39650977, 24, 'Villa de Guadalupe'),
(39824296, 13, 'San Salvador'),
(39873191, 20, 'Santa Maria Camotlan'),
(39942951, 13, 'Almoloya'),
(40455508, 20, 'San Andres Zabache'),
(41296239, 24, 'Santo Domingo'),
(42667798, 20, 'Santa Maria Lachixio'),
(43443722, 30, 'Jilotepec'),
(43867754, 29, 'San Jose Teacalco'),
(44558950, 21, 'Libres'),
(44604216, 29, 'San Lorenzo Axocomanitla'),
(45036972, 20, 'Santa Maria Zacatepec'),
(45689576, 26, 'Nacori Chico'),
(45960067, 31, 'Chemax'),
(46153924, 7, 'Ixtacomitan'),
(46295940, 20, 'San Lucas Quiavini'),
(46731981, 26, 'San Felipe de Jesus'),
(46888995, 20, 'San Pablo Cuatro Venados'),
(47141173, 26, 'Trincheras'),
(47408790, 14, 'Tonala'),
(47720822, 31, 'Kopoma'),
(48572007, 16, 'Chucandiro'),
(48912909, 30, 'Maltrata'),
(49043947, 7, 'Chanal'),
(49264350, 20, 'Teotongo'),
(49425231, 30, 'Zongolica'),
(50231872, 20, 'Santa Cruz Mixtepec'),
(50589354, 7, 'Berriozabal'),
(50760491, 21, 'Yaonahuac'),
(51484645, 25, 'Badiraguato'),
(51620569, 10, 'General Simon Bolivar'),
(51751591, 20, 'Teococuilco de Marcos Perez'),
(52029476, 20, 'Santa Maria Tataltepec'),
(53073862, 5, 'Jimenez'),
(53223503, 20, 'Santo Domingo Tepuxtepec'),
(53867436, 26, 'Quiriego'),
(54201872, 20, 'Santiago Lachiguiri'),
(54868964, 19, 'Pesqueria'),
(55062539, 20, 'Santos Reyes Tepejillo'),
(55345311, 21, 'Tepeyahualco de Cuauhtemoc'),
(56122713, 12, 'Cuautepec'),
(56394897, 30, 'Saltabarranca'),
(56745532, 8, 'Nuevo Casas Grandes'),
(56767662, 32, 'Villa Garcia'),
(56769464, 20, 'Santa Maria Colotepec'),
(57174167, 27, 'Cunduacan'),
(57221739, 20, 'Calihuala'),
(58006273, 13, 'San Agustin Tlaxiaca'),
(58091170, 26, 'San Pedro de la Cueva'),
(58479754, 20, 'San Mateo Rio Hondo'),
(58690512, 13, 'Mineral de la Reforma'),
(58998044, 20, 'San Raymundo Jalpan'),
(59017707, 21, 'Xayacatlan de Bravo'),
(60257958, 21, 'San Pedro Yeloixtlahuaca'),
(60532367, 30, 'Pajapan'),
(61386270, 30, 'Hidalgotitlan'),
(61888182, 14, 'Canadas de Obregon'),
(61895595, 13, 'Tecozautla'),
(62424371, 30, 'Chinampa de Gorostiza'),
(63060499, 20, 'San Pedro Tapanatepec'),
(63552849, 20, 'San Jacinto Tlacotepec'),
(63597917, 17, 'Cuautla'),
(64333802, 28, 'Gomez Farias'),
(64750663, 28, 'Aldama'),
(65086266, 29, 'Benito Juarez'),
(66037052, 15, 'Hueypoxtla'),
(67551188, 14, 'Chiquilistlan'),
(67692971, 31, 'Huhi'),
(68537396, 16, 'Tzintzuntzan'),
(68599837, 32, 'Momax'),
(68717744, 14, 'Cuautitlan de Garcia Barragan'),
(69041161, 20, 'San Andres Huayapam'),
(69763760, 32, 'Vetagrande'),
(70768186, 13, 'Huejutla de Reyes'),
(71056899, 20, 'Santa Ines de Zaragoza'),
(71900855, 28, 'Ocampo'),
(72078564, 20, 'San Miguel Aloapam'),
(72877887, 29, 'Tlaxco'),
(75134446, 8, 'San Francisco del Oro'),
(75372107, 13, 'Tenango de Doria'),
(75581080, 32, 'Melchor Ocampo'),
(75598428, 20, 'San Martin Itunyoso'),
(75764601, 30, 'Magdalena'),
(75871628, 30, 'Acula'),
(75872946, 20, 'San Juan Mixtepec -Dto. 08 -'),
(76984004, 14, 'Huejucar'),
(77489895, 30, 'alamo Temapache'),
(77946536, 20, 'Santiago Chazumba'),
(78750395, 16, 'Cheran'),
(78854716, 20, 'San Miguel Tecomatlan'),
(78967840, 5, 'Abasolo'),
(79240119, 20, 'Santa Maria Nduayaco'),
(80207693, 11, 'San Jose Iturbide'),
(80219847, 30, 'Santiago Sochiapan'),
(80378967, 26, 'Pitiquito'),
(80668209, 10, 'Nuevo Ideal'),
(81041597, 20, 'Santiago Yucuyachi'),
(82126425, 13, 'Acaxochitlan'),
(82618677, 32, 'Miguel Auza'),
(82930671, 9, 'Benito Juarez'),
(83137918, 21, 'Cuapiaxtla de Madero'),
(83853611, 14, 'Ocotlan'),
(84862731, 21, 'Teteles de Avila Castillo'),
(85112377, 20, 'San Martin Huamelulpam'),
(85321743, 14, 'Encarnacion de Diaz'),
(85394205, 20, 'San Juan Sayultepec'),
(85874686, 31, 'Maxcanu'),
(85930047, 20, 'Santo Tomas Jalieza'),
(86197651, 13, 'Calnali'),
(86212623, 20, 'Santiago Nundiche'),
(87115271, 31, 'Bokoba'),
(87710388, 20, 'San Pedro Yaneri'),
(87860070, 20, 'Santiago Zacatepec'),
(88077487, 14, 'Etzatlan'),
(88523237, 20, 'Santa Ines del Monte'),
(88691940, 26, 'San Miguel de Horcasitas'),
(88734523, 20, 'Santa Maria Yavesia'),
(88791434, 21, 'Coyomeapan'),
(89127327, 7, 'Copainala'),
(89366456, 16, 'Coahuayana'),
(89618264, 20, 'San Francisco Teopan'),
(89880748, 20, 'Santiago Miltepec'),
(90527536, 20, 'San Sebastian Rio Hondo'),
(90991159, 21, 'Ahuatlan'),
(91143483, 5, 'Sierra Mojada'),
(91580463, 21, 'Tehuitzingo'),
(91725961, 7, 'El Porvenir'),
(91863294, 20, 'San Juan Coatzospam'),
(91969138, 31, 'Chumayel'),
(92547523, 20, 'Santiago del Rio'),
(92614101, 20, 'Cuilapam de Guerrero'),
(92687598, 20, 'Santiago Lalopa'),
(92898092, 20, 'Magdalena Mixtepec'),
(92928095, 20, 'San Luis Amatlan'),
(94421840, 30, 'Uxpanapa'),
(94611570, 8, 'Camargo'),
(94708215, 26, 'Bacoachi'),
(94709224, 29, 'Calpulalpan'),
(94968378, 21, 'Atzitzintla'),
(98028059, 20, 'San Juan Ihualtepec'),
(98310812, 26, 'Naco'),
(98500616, 30, 'Martinez de la Torre'),
(98582354, 20, 'San Juan Bautista Tlacoatzinte'),
(99339972, 21, 'Pahuatlan'),
(99469984, 30, 'Mecatlan'),
(99475257, 21, 'Nealtican'),
(99731484, 31, 'Tixkokob'),
(100308226, 26, 'Bacum'),
(100748297, 13, 'Tepeji del Rio de Ocampo'),
(100953884, 30, 'Camaron de Tejeda'),
(101040901, 15, 'Temoaya'),
(101591275, 11, 'Leon'),
(101915129, 9, 'Iztapalapa'),
(101959522, 21, 'San Sebastian Tlacotepec'),
(102555994, 20, 'San Martin Peras'),
(102586898, 12, 'Mochitlan'),
(102649744, 20, 'San Andres Tepetlapa'),
(102896774, 20, 'San Sebastian Nicananduta'),
(103267708, 29, 'Santa Ana Nopalucan'),
(103551587, 15, 'Isidro Fabela'),
(103560785, 20, 'San Baltazar Loxicha'),
(103625785, 11, 'Jaral del Progreso'),
(104238510, 31, 'Temozon'),
(104354027, 19, 'Salinas Victoria'),
(104364121, 32, 'Morelos'),
(104958046, 15, 'Teoloyucan'),
(105072252, 21, 'Santa Ines Ahuatempan'),
(105328107, 24, 'Tanquian de Escobedo'),
(105407113, 15, 'Tepotzotlan'),
(105482990, 20, 'Santa Maria Chachoapam'),
(106190997, 20, 'Mariscala de Juarez'),
(106853878, 9, 'Milpa Alta'),
(106889271, 29, 'Emiliano Zapata'),
(106913692, 28, 'Mier'),
(107195142, 20, 'Magdalena Ocotlan'),
(107260821, 9, 'Alvaro Obregon'),
(107596818, 24, 'Tancanhuitz'),
(107609284, 14, 'El Grullo'),
(108095802, 30, 'San Andres Tuxtla'),
(108103823, 30, 'Jamapa'),
(108796861, 20, 'Abejones'),
(108800121, 30, 'Amatitlan'),
(110232815, 20, 'San Pedro Taviche'),
(110683810, 7, 'Tila'),
(111427999, 32, 'Loreto'),
(111470266, 20, 'Santa Maria Nativitas'),
(111897159, 20, 'Santa Maria Xadani'),
(112163723, 12, 'Ixcateopan de Cuauhtemoc'),
(112409090, 5, 'Viesca'),
(113239861, 21, 'San Nicolas Buenos Aires'),
(113562713, 24, 'Tanlajas'),
(113766739, 21, 'Tochtepec'),
(114071718, 7, 'Villa Corzo'),
(114173517, 23, 'Tulum'),
(114560042, 16, 'Turicato'),
(114895764, 21, 'San Martin Totoltepec'),
(115015831, 29, 'Terrenate'),
(115248725, 20, 'Santo Domingo Tonala'),
(115405361, 12, 'Quechultenango'),
(115700209, 20, 'Taniche'),
(116750403, 19, 'Villaldama'),
(117513992, 22, 'El Marques'),
(118575623, 23, 'Cozumel'),
(118859575, 30, 'Miahuatlan'),
(119106303, 8, 'Madera'),
(120344680, 18, 'Del Nayar'),
(120352903, 21, 'Tepemaxalco'),
(120372492, 1, 'Pabellon de Arteaga'),
(120452998, 10, 'San Juan de Guadalupe'),
(120931507, 26, 'Santa Ana'),
(120940337, 13, 'Huehuetla'),
(121190308, 16, 'Tanhuato'),
(121293457, 24, 'Alaquines'),
(121362183, 26, 'Nogales'),
(122187486, 29, 'Amaxac de Guerrero'),
(122346122, 20, 'San Andres Yaa'),
(122347280, 29, 'Xicohtzinco'),
(122387359, 29, 'Santa Cruz Quilehtla'),
(122443689, 14, 'Tonila'),
(124177515, 14, 'San Sebastian del Oeste'),
(124828624, 8, 'Cusihuiriachi'),
(124979766, 20, 'Soledad Etla'),
(125210691, 26, 'Bacerac'),
(125400988, 7, 'Ixtapangajoya'),
(125651459, 14, 'Zapotiltic'),
(126168110, 20, 'Santa Ines Yatzeche'),
(126270794, 19, 'Aramberri'),
(126722079, 12, 'Alpoyeca'),
(127133296, 29, 'San Jeronimo Zacualpan'),
(127237259, 31, 'Sanahcat'),
(127423307, 18, 'La Yesca'),
(128111234, 20, 'San Mateo Penasco'),
(128247210, 20, 'San Pedro Cajonos'),
(128282967, 14, 'Santa Maria del Oro'),
(128829355, 31, 'Telchac Pueblo'),
(129235408, 13, 'Mineral del Chico'),
(129321399, 12, 'Atoyac de alvarez'),
(129598759, 13, 'Nopala de Villagran'),
(129684423, 14, 'Puerto Vallarta'),
(129909135, 30, 'Tlaltetela'),
(129978543, 20, 'San Juan Guichicovi'),
(130213375, 30, 'Soteapan'),
(130227710, 30, 'Jalacingo'),
(130308638, 20, 'Eloxochitlan de Flores Magon'),
(130503692, 20, 'Candelaria Loxicha'),
(131028926, 20, 'Santa Maria Tecomavaca'),
(131102374, 16, 'Huandacareo'),
(131214129, 14, 'Teuchitlan'),
(132269636, 7, 'Motozintla'),
(133059716, 30, 'Xoxocotla'),
(134116707, 30, 'Ozuluama de Mascarenas'),
(134468210, 10, 'Nombre de Dios'),
(134948150, 11, 'Purisima del Rincon'),
(135094223, 19, 'Cienega de Flores'),
(135119956, 19, 'Anahuac'),
(135796576, 31, 'Izamal'),
(136119390, 15, 'Otumba'),
(136371407, 26, 'Villa Hidalgo'),
(136492156, 11, 'Victoria'),
(137094194, 28, 'Burgos'),
(137269391, 21, 'Tecamachalco'),
(137286339, 20, 'San Juan Juquila Vijanos'),
(137358474, 14, 'Quitupan'),
(137414629, 24, 'Villa de Arista'),
(137656444, 11, 'Santa Catarina'),
(137729966, 21, 'Tecomatlan'),
(137908773, 12, 'Tlapehuala'),
(138020243, 8, 'San Francisco de Conchos'),
(138373921, 26, 'Huachinera'),
(138519151, 20, 'Santo Domingo Albarradas'),
(138539777, 29, 'Tetlatlahuca'),
(138691807, 12, 'Ajuchitlan del Progreso'),
(138771736, 20, 'San Simon Almolongas'),
(140014661, 30, 'Aquila'),
(140216594, 31, 'Kinchil'),
(140349285, 20, 'Santiago Textitlan'),
(140436820, 20, 'Santo Domingo Yodohino'),
(140926506, 20, 'Santo Domingo Ozolotepec'),
(141369288, 29, 'Santa Catarina Ayometla'),
(141388836, 12, 'Xochihuehuetlan'),
(142075237, 29, 'Totolac'),
(142106827, 11, 'Tarimoro'),
(142411651, 16, 'Tangancicuaro'),
(143697543, 20, 'Loma Bonita'),
(144229698, 13, 'Molango de Escamilla'),
(145125802, 7, 'Acala'),
(145778602, 21, 'Petlalcingo'),
(146105566, 1, 'Asientos'),
(146545983, 20, 'San Pedro Atoyac'),
(146549402, 8, 'Ojinaga'),
(146823475, 21, 'Mixtla'),
(146861793, 30, 'Manlio Fabio Altamirano'),
(147947640, 16, 'Patzcuaro'),
(148386571, 15, 'San Martin de las Piramides'),
(148941129, 15, 'Villa del Carbon'),
(150076442, 31, 'Samahil'),
(151073385, 14, 'Juanacatlan'),
(151267289, 8, 'Urique'),
(151404697, 5, 'General Cepeda'),
(151537900, 20, 'Santa Ana Zegache'),
(151808139, 9, 'Coyoacan'),
(152812880, 20, 'San Agustin Tlacotepec'),
(153284090, 14, 'Union de Tula'),
(153405463, 7, 'San Andres Duraznal'),
(153997989, 20, 'Chalcatongo de Hidalgo'),
(154196582, 7, 'Totolapa'),
(154844960, 30, 'Cazones de Herrera'),
(154889029, 21, 'Atoyatempan'),
(155157594, 13, 'Nicolas Flores'),
(155378029, 7, 'Rayon'),
(155423675, 30, 'Acajete'),
(155999126, 31, 'Merida'),
(156731966, 24, 'Guadalcazar'),
(157579571, 15, 'Rayon'),
(157580389, 28, 'Jimenez'),
(157844290, 16, 'Cojumatlan de Regules'),
(158186180, 20, 'San Pablo Huixtepec'),
(158371944, 14, 'San Ignacio Cerro Gordo'),
(158457527, 21, 'Tochimilco'),
(158475841, 31, 'Dzemul'),
(159169046, 15, 'Otzolotepec'),
(159572578, 21, 'Chapulco'),
(159823330, 20, 'San Pedro Martir Yucuxaco'),
(159831258, 20, 'Santiago Xanica'),
(160183163, 20, 'San Nicolas Hidalgo'),
(160522680, 20, 'Villa Sola de Vega'),
(160864222, 30, 'Cosamaloapan de Carpio'),
(160875848, 28, 'Abasolo'),
(160934219, 20, 'San Miguel Panixtlahuaca'),
(161942792, 14, 'Ixtlahuacan del Rio'),
(161954299, 30, 'Rafael Lucio'),
(162239025, 20, 'San Agustin Amatengo'),
(162622311, 12, 'General Heliodoro Castillo'),
(162724620, 5, 'Lamadrid'),
(163524924, 24, 'Zaragoza'),
(164091630, 31, 'Conkal'),
(164407088, 17, 'Tetela del Volcan'),
(165123480, 31, 'Ixil'),
(165655179, 16, 'La Huacana'),
(166132793, 20, 'San Juan Bautista Suchitepec'),
(167409285, 20, 'Santa Catarina Ixtepeji'),
(167722805, 31, 'Uayma'),
(168220354, 20, 'Silacayoapam'),
(172640595, 13, 'Yahualica'),
(172899743, 17, 'Emiliano Zapata'),
(172938722, 14, 'Zapotlan del Rey'),
(173426441, 12, 'Tlapa de Comonfort'),
(174537689, 19, 'Gral. Escobedo'),
(174723556, 20, 'Santa Maria Ipalapa'),
(175426270, 15, 'Chiautla'),
(177149275, 10, 'Canelas'),
(177705723, 21, 'Tulcingo'),
(178126467, 20, 'San Juan Bautista Guelache'),
(178760177, 21, 'Juan C. Bonilla'),
(178900352, 30, 'Texhuacan'),
(179411761, 8, 'Balleza'),
(180111136, 14, 'La Huerta'),
(180258765, 15, 'Ixtlahuaca'),
(180479720, 14, 'Teocuitatlan de Corona'),
(180658577, 7, 'Tuzantan'),
(180761152, 20, 'Santiago Tenango'),
(182231765, 21, 'Lafragua'),
(182873276, 20, 'Villa Tejupam de la Union'),
(183218243, 9, 'Xochimilco'),
(183276375, 13, 'Zacualtipan de angeles'),
(183316030, 16, 'Tuzantla'),
(183432423, 32, 'Jerez'),
(183704124, 31, 'Chapab'),
(183730502, 30, 'Filomeno Mata'),
(184562330, 20, 'Magdalena Jaltepec'),
(187510904, 20, 'San Pedro Comitancillo'),
(187849796, 16, 'Zinaparo'),
(188161890, 14, 'San Miguel el Alto'),
(188489838, 20, 'San Mateo Sindihui'),
(188604626, 20, 'San Pedro Jicayan'),
(189076907, 20, 'Santa Cruz Papalutla'),
(189321851, 21, 'San Jeronimo Tecuanipan'),
(189344555, 15, 'Tultepec'),
(189421117, 19, 'Gral. Trevino'),
(189719136, 20, 'San Miguel Huautla'),
(189890639, 19, 'Dr. Coss'),
(189948903, 20, 'San Miguel Suchixtepec'),
(190894519, 29, 'El Carmen Tequexquitla'),
(191550679, 5, 'Sabinas'),
(191869561, 10, 'Ocampo'),
(192370324, 32, 'Sain Alto'),
(194641223, 31, 'Quintana Roo'),
(195057493, 26, 'San Ignacio Rio Muerto'),
(195481733, 30, 'Zaragoza'),
(195659357, 20, 'Chiquihuitlan de Benito Juarez'),
(196111808, 20, 'San Miguel Tequixtepec'),
(196355279, 21, 'Vicente Guerrero'),
(197064942, 14, 'Valle de Juarez'),
(197217478, 1, 'Calvillo'),
(197712248, 29, 'Nanacamilpa de Mariano Arista'),
(198834971, 20, 'San Andres Lagunas'),
(199089791, 7, 'Larrainzar'),
(199192913, 29, 'Cuaxomulco'),
(200530463, 30, 'Colipa'),
(200637667, 30, 'Alpatlahuac'),
(200925185, 13, 'Cuautepec de Hinojosa'),
(201216892, 21, 'Albino Zertuche'),
(201418014, 21, 'Xochitlan Todos Santos'),
(201848645, 16, 'Tangamandapio'),
(202052758, 31, 'Sinanche'),
(202086178, 10, 'Mezquital'),
(202375391, 29, 'Nativitas'),
(202512555, 25, 'Guamuchil'),
(203626993, 32, 'Monte Escobedo'),
(204494187, 14, 'Atenguillo'),
(204957027, 20, 'Santa Catarina Zapoquila'),
(206453210, 17, 'Huitzilac'),
(206543866, 21, 'Teopantlan'),
(207105281, 20, 'Santa Maria Ecatepec'),
(207908046, 20, 'San Miguel Santa Flor'),
(208868151, 13, 'Tlanchinol'),
(210381974, 21, 'Xochitlan de Vicente Suarez'),
(210917060, 30, 'Tamiahua'),
(210954013, 11, 'Yuriria'),
(211258725, 20, 'San Jeronimo Coatlan'),
(212075751, 5, 'Villa Union'),
(212652527, 20, 'Magdalena Apasco'),
(213954720, 21, 'Esperanza'),
(214585520, 28, 'Jaumave'),
(215057429, 23, 'Jose Maria Morelos'),
(215524773, 21, 'Tepango de Rodriguez'),
(215760825, 20, 'Santa Maria Petapa'),
(216523399, 20, 'San Miguel Yotao'),
(216853094, 30, 'Acultzingo'),
(217543734, 7, 'Chamula'),
(217565997, 31, 'Mayapan'),
(217667872, 14, 'Bolanos'),
(218062529, 16, 'Epitacio Huerta'),
(218499718, 15, 'Nezahualcoyotl'),
(218670897, 28, 'Antiguo Morelos'),
(219182485, 31, 'Peto'),
(219317610, 32, 'Panuco'),
(219446581, 14, 'Atoyac'),
(219780862, 7, 'El Bosque'),
(220520073, 17, 'Temoac'),
(222501160, 20, 'San Bartolome Yucuane'),
(222739082, 20, 'Santiago Ixcuintepec'),
(222828452, 20, 'San Pablo Etla'),
(223268703, 21, 'Yehualtepec'),
(223540260, 31, 'Tepakan'),
(224623637, 20, 'San Felipe Tejalapam'),
(224655380, 21, 'San Salvador el Seco'),
(225827239, 21, 'Teziutlan'),
(226795590, 26, 'Arizpe'),
(227545357, 32, 'Rio Grande'),
(228168057, 29, 'Mazatecochco de Jose Maria Mor'),
(228412880, 16, 'Brisenas'),
(229131577, 20, 'La Trinidad Vista Hermosa'),
(229461408, 20, 'Santo Domingo Armenta'),
(230707764, 7, 'Bejucal de Ocampo'),
(231260722, 20, 'Tlacotepec Plumas'),
(232569007, 15, 'Ayapango'),
(232969996, 7, 'Montecristo de Guerrero'),
(233048196, 8, 'Guazapares'),
(233069029, 21, 'Ahuehuetitla'),
(233152837, 21, 'Xochiapulco'),
(233428836, 13, 'Huazalingo'),
(233701309, 29, 'Ziltlaltepec de Trinidad Sanch'),
(234186350, 20, 'San Andres Zautla'),
(234887950, 30, 'Sayula de Aleman'),
(234937437, 15, 'Tenancingo'),
(237354925, 3, 'Comondu'),
(237828980, 2, 'Mexicali'),
(238573023, 25, 'Guasave'),
(238610273, 24, 'Vanegas'),
(239125391, 20, 'San Antonio Huitepec'),
(239216581, 20, 'Santiago Tamazola'),
(239801182, 30, 'Las Vigas de Ramirez'),
(240461895, 31, 'Kaua'),
(241013529, 21, 'Aquixtla'),
(241043589, 19, 'Gral. Teran'),
(241349091, 16, 'Senguio'),
(241423984, 15, 'Tenango del Valle'),
(241632610, 16, 'Cuitzeo'),
(241788530, 30, 'Tamalin'),
(241877356, 20, 'Santa Maria Teopoxco'),
(242379696, 20, 'Magdalena Penasco'),
(244218196, 13, 'San Agustin Metzquititlan'),
(244532570, 16, 'Morelia'),
(246900229, 20, 'San Juan Bautista Tuxtepec'),
(247659579, 14, 'Degollado'),
(247685607, 15, 'San Jose del Rincon'),
(247876889, 13, 'Tianguistengo'),
(248270887, 29, 'San Juan Huactzinco'),
(248792522, 4, 'Calakmul'),
(249148235, 30, 'Actopan'),
(250383648, 7, 'Jiquipilas'),
(250660441, 15, 'Atlacomulco'),
(250797249, 7, 'Suchiapa'),
(250971360, 15, 'Texcalyacac'),
(251768045, 31, 'Cantamayec'),
(253125261, 20, 'Santiago Laxopa'),
(254305032, 29, 'Cuapiaxtla'),
(254566314, 7, 'Sitala'),
(255007827, 23, 'Solidaridad'),
(255180992, 20, 'San Agustin Etla'),
(255373944, 20, 'Magdalena Tequisistlan'),
(255765114, 15, 'Temascalcingo'),
(255992845, 14, 'Tototlan'),
(256758263, 8, 'Aquiles Serdan'),
(257111478, 26, 'San Javier'),
(257439870, 32, 'El Plateado de Joaquin Amaro'),
(257622047, 30, 'Santiago Tuxtla'),
(258169759, 20, 'San Pedro Sochiapam'),
(258595828, 20, 'San Agustin Chayuco'),
(258678680, 20, 'Reforma de Pineda'),
(258703761, 14, 'Mezquitic'),
(259058513, 29, 'Tocatlan'),
(260039684, 26, 'Cananea'),
(260193068, 16, 'Villamar'),
(260674701, 29, 'Altzayanca'),
(260758347, 31, 'Uman'),
(261228990, 20, 'San Pedro Martir'),
(261258503, 20, 'San Pedro Ixtlahuaca'),
(261521389, 20, 'Santa Maria Tlalixtac'),
(261765084, 14, 'Tala'),
(262285263, 15, 'Sultepec'),
(262663568, 7, 'Huehuetan'),
(262851295, 13, 'Emiliano Zapata'),
(263219554, 20, 'Santa Ana Yareni'),
(263480506, 25, 'Culiacan'),
(264440485, 14, 'San Juanito de Escobedo'),
(264595066, 24, 'Villa de Ramos'),
(264859957, 30, 'Platon Sanchez'),
(265649655, 26, 'Yecora'),
(265877574, 30, 'Ilamatlan'),
(265883492, 20, 'San Juan Cieneguilla'),
(266101229, 15, 'Nopaltepec'),
(266557301, 16, 'Tocumbo'),
(268237902, 20, 'Capulalpam de Mendez'),
(269223309, 10, 'Inde'),
(269585930, 12, 'Ayutla de los Libres'),
(270010923, 21, 'Huitziltepec'),
(270256636, 13, 'Zapotlan de Juarez'),
(270961154, 11, 'San Felipe'),
(272319410, 30, 'Tenampa'),
(272479271, 20, 'Santiago Niltepec'),
(272869675, 14, 'Villa Hidalgo'),
(274095479, 20, 'Santa Lucia Monteverde'),
(274434626, 26, 'Sahuaripa'),
(274717281, 17, 'Ocuituco'),
(275323199, 16, 'Chinicuila'),
(275775716, 13, 'Villa de Tezontepec'),
(275956578, 20, 'San Francisco Huehuetlan'),
(276352298, 20, 'Santiago Nacaltepec'),
(276571138, 8, 'Huejotitan'),
(276605737, 24, 'Charcas'),
(276781482, 21, 'Cuautinchan'),
(277024641, 20, 'Magdalena Tlacotepec'),
(277136943, 20, 'San Bartolome Ayautla'),
(277916662, 20, 'San Miguel Achiutla'),
(278270551, 21, 'Los Reyes de Juarez'),
(278635892, 30, 'Tlacotalpan'),
(279449956, 30, 'Mecayapan'),
(279792787, 8, 'Guadalupe y Calvo'),
(279859970, 16, 'Coeneo'),
(280912896, 21, 'Santa Isabel Cholula'),
(282031107, 13, 'Atlapexco'),
(282068605, 14, 'Cuquio'),
(282333602, 20, 'Santa Magdalena Jicotlan'),
(282409291, 14, 'Chapala'),
(283319554, 30, 'Coetzala'),
(283544931, 21, 'Coyotepec'),
(285731197, 21, 'Quimixtlan'),
(286018479, 21, 'Ixtacamaxtitlan'),
(286211323, 20, 'San Bartolo Coyotepec'),
(286456932, 21, 'Hueyapan'),
(286625916, 16, 'Charo'),
(286909062, 20, 'Santiago Minas'),
(287057382, 11, 'Abasolo'),
(287572192, 16, 'Pajacuaran'),
(287663764, 13, 'Huichapan'),
(287839545, 14, 'San Martin Hidalgo'),
(289383738, 20, 'San Agustin Loxicha'),
(289847765, 30, 'Xico'),
(289983084, 14, 'La Manzanilla de la Paz'),
(291485930, 21, 'Honey'),
(291658725, 20, 'Santiago Ayuquililla'),
(291935184, 10, 'Tlahualilo'),
(291935366, 15, 'Tonatico'),
(292003723, 32, 'Tabasco'),
(292210645, 5, 'Frontera'),
(292267903, 19, 'Marin'),
(292618813, 31, 'Dzilam de Bravo'),
(293048979, 21, 'Domingo Arenas'),
(293508320, 30, 'Yecuatla'),
(294177742, 15, 'Tianguistenco'),
(294225519, 20, 'San Juan Bautista Atatlahuca'),
(294678311, 7, 'Chicoasen'),
(295678552, 20, 'San Mateo Tlapiltepec'),
(295823185, 20, 'San Pedro Ixcatlan'),
(296898566, 30, 'Cuichapa'),
(297421990, 10, 'Nazas'),
(298198466, 30, 'Cerro Azul'),
(298482763, 20, 'Cosolapa'),
(298780408, 17, 'Axochiapan'),
(301248992, 26, 'San Luis Rio Colorado'),
(302230460, 8, 'Santa Isabel'),
(302262504, 2, 'Playas de Rosarito'),
(302545272, 27, 'Comalcalco'),
(302647692, 8, 'Ascension'),
(303609737, 5, 'Torreon'),
(303735267, 20, 'Santa Maria Yucuhiti'),
(304281282, 8, 'Gomez Farias'),
(304451543, 20, 'Valerio Trujano'),
(304588827, 20, 'Santa Catarina Juquila'),
(304711936, 10, 'Pueblo Nuevo'),
(304724794, 15, 'Tecamac'),
(305014767, 20, 'Ciudad Ixtepec'),
(305398528, 20, 'San Andres Paxtlan'),
(305653121, 21, 'Zapotitlan'),
(306954163, 30, 'Puente Nacional'),
(307007698, 30, 'Coahuitlan'),
(307172374, 28, 'Villagran'),
(309500313, 30, 'Tuxpan'),
(310073839, 20, 'Santa Catarina Ticua'),
(310106974, 5, 'San Pedro'),
(310232888, 14, 'Atemajac de Brizuela'),
(310292415, 20, 'Santo Domingo Ixcatlan'),
(310752610, 13, 'Zimapan'),
(310974203, 21, 'Jolalpan'),
(311239833, 30, 'Cosautlan de Carvajal'),
(311290256, 8, 'Uruachi'),
(311661076, 21, 'Zacapala'),
(314517614, 20, 'Santo Domingo Zanatepec'),
(314672443, 20, 'Santo Domingo Ingenio'),
(314870543, 20, 'Santo Domingo Roayaga'),
(315137638, 29, 'Tenancingo'),
(315185778, 21, 'Coronango'),
(315269753, 30, 'Tierra Blanca'),
(315338298, 28, 'Bustamante'),
(315480186, 20, 'San Pablo Huitzo'),
(315501393, 20, 'Santa Cruz Tacahua'),
(315734500, 31, 'Halacho'),
(316505448, 13, 'Tlahuelilpan'),
(316592438, 20, 'Santa Maria Quiegolani'),
(316802371, 20, 'San Jose Estancia Grande'),
(316827389, 20, 'Santa Maria Huatulco'),
(317075582, 9, 'Azcapotzalco'),
(317385788, 24, 'Mexquitic de Carmona'),
(321261196, 15, 'Coatepec Harinas'),
(321896594, 20, 'Santa Catarina Tayata'),
(321961118, 20, 'San Miguel del Puerto'),
(321984368, 19, 'Bustamante'),
(322364928, 13, 'Tolcayuca'),
(322753513, 30, 'Amatlan de los Reyes'),
(322791148, 20, 'Asuncion Ocotlan'),
(323309973, 14, 'El Limon'),
(323584932, 15, 'Chiconcuac'),
(323738529, 20, 'Nazareno Etla'),
(323954891, 22, 'Pinal de Amoles'),
(324740410, 32, 'Tepetongo'),
(324931043, 20, 'San Lorenzo Texmelucan'),
(324940160, 14, 'Mazamitla'),
(324966457, 20, 'Guadalupe Etla'),
(325243158, 31, 'Homun'),
(325529616, 4, 'Hecelchakan'),
(326626508, 15, 'Coyotepec'),
(326784659, 12, 'Tlalchapa'),
(327029288, 32, 'Cuauhtemoc'),
(327542716, 17, 'Coatlan del Rio'),
(328325684, 21, 'San Martin Texmelucan'),
(328705963, 11, 'Pueblo Nuevo'),
(329090288, 19, 'Melchor Ocampo'),
(329102963, 15, 'Temascalapa'),
(329222525, 15, 'Temascaltepec'),
(332115878, 20, 'Mixistlan de la Reforma'),
(332374617, 20, 'San Pedro Yolox'),
(332642530, 30, 'Chicontepec'),
(332958473, 14, 'Pihuamo'),
(333386557, 21, 'Amozoc'),
(333428996, 13, 'Pachuca de Soto'),
(333461898, 5, 'Cuatro Cienegas'),
(333791434, 17, 'Tepalcingo'),
(333993308, 23, 'Othon P. Blanco'),
(333993310, 23, 'Puerto Morelos'),
(334125085, 16, 'Caracuaro'),
(334193450, 15, 'Luvianos'),
(334618664, 15, 'Soyaniquilpan de Juarez'),
(336363379, 20, 'Santo Domingo Tehuantepec'),
(336410063, 20, 'Santiago Yosondua'),
(336714536, 26, 'Tubutama'),
(336972542, 32, 'Noria de angeles'),
(337077284, 18, 'Jala'),
(337400299, 20, 'San Pedro y San Pablo Teposcol'),
(337492274, 30, 'Atlahuilco'),
(337650438, 10, 'Suchil'),
(338079453, 14, 'Concepcion de Buenos Aires'),
(338768272, 32, 'General Francisco R. Murguia'),
(338973998, 31, 'Xocchel'),
(339355919, 24, 'Tamazunchale'),
(339751945, 21, 'San Jose Miahuatlan'),
(340144184, 30, 'Chocaman'),
(340287460, 20, 'Santa Cruz Acatepec'),
(340442506, 7, 'Reforma'),
(340792720, 21, 'Chichiquila'),
(341159799, 32, 'Genaro Codina'),
(341808313, 15, 'Papalotla'),
(342014859, 20, 'San Lucas Camotlan'),
(342851300, 5, 'Acuna'),
(343015009, 30, 'Misantla'),
(344100757, 30, 'Ignacio de la Llave'),
(344323086, 30, 'Astacinga'),
(345715360, 20, 'Santa Maria Chilchotla'),
(346143046, 12, 'Xochistlahuaca'),
(346378431, 30, 'Totutla'),
(346739020, 32, 'Guadalupe'),
(346945808, 22, 'Amealco de Bonfil'),
(347831834, 7, 'Nicolas Ruiz'),
(348116496, 13, 'La Mision'),
(348266772, 24, 'Cardenas'),
(348317759, 8, 'Dr. Belisario Dominguez'),
(349490057, 29, 'Tzompantepec'),
(349735668, 20, 'San Sebastian Tecomaxtlahuaca'),
(350008900, 29, 'Santa Cruz Tlaxcala'),
(350033038, 20, 'San Miguel Chicahua'),
(350349755, 15, 'Acolman'),
(350716227, 9, 'Gustavo A. Madero'),
(351093027, 21, 'San Jose Chiapa'),
(351912120, 13, 'Ixmiquilpan'),
(352390810, 21, 'Tecali de Herrera'),
(352530559, 21, 'San Andres Cholula'),
(352979380, 21, 'Acatlan'),
(353067250, 29, 'Xaltocan'),
(353103845, 20, 'Fresnillo de Trujano'),
(353335874, 15, 'Atizapan de Zaragoza'),
(354092038, 16, 'Arteaga'),
(354700417, 30, 'Huiloapan de Cuauhtemoc'),
(354903534, 7, 'Mapastepec'),
(355304579, 13, 'Tepehuacan de Guerrero'),
(355422426, 29, 'Zitlaltepec de Trinidad Sanche'),
(355941367, 30, 'Texistepec'),
(356165759, 32, 'Chalchihuites'),
(356649020, 15, 'Atlautla'),
(356769232, 30, 'Tepetlan'),
(357435732, 21, 'Tlapanala'),
(357847918, 20, 'Magdalena Yodocono de Porfirio'),
(358629910, 8, 'Ahumada'),
(359365787, 21, 'Huehuetlan el Chico'),
(359649185, 20, 'San Juan Bautista Tlachichilco'),
(360202549, 18, 'Tuxpan'),
(360610273, 30, 'Oteapan'),
(360740622, 27, 'Teapa'),
(360860251, 20, 'San Miguel Chimalapa'),
(361067387, 20, 'San Juan Evangelista Analco'),
(361427215, 26, 'Rosario'),
(361437203, 20, 'Santa Maria Apazco'),
(361782938, 21, 'Pantepec'),
(362181885, 21, 'Axutla'),
(362624529, 15, 'Coacalco de Berriozabal'),
(362685917, 30, 'Zozocolco de Hidalgo'),
(362756300, 32, 'Teul de Gonzalez Ortega'),
(363016541, 20, 'San Dionisio Ocotlan'),
(363169894, 26, 'Cucurpe'),
(363379561, 30, 'Yanga'),
(364371858, 30, 'Mixtla de Altamirano'),
(364854057, 20, 'Cuyamecalco Villa de Zaragoza'),
(364875237, 20, 'San Marcos Arteaga'),
(365103174, 17, 'Jantetelco'),
(365425237, 20, 'San Andres Sinaxtla'),
(365620427, 10, 'Cuencame'),
(365934485, 20, 'Santiago Jocotepec'),
(367124574, 20, 'San Pedro Quiatoni'),
(367794689, 15, 'Tlalnepantla de Baz'),
(368042647, 21, 'Xicotlan'),
(368216805, 20, 'San Juan del Estado'),
(368283936, 3, 'Loreto'),
(368766405, 30, 'Tantima'),
(369392631, 14, 'San Juan de los Lagos'),
(369615008, 30, 'Tlilapan'),
(369914712, 5, 'Progreso'),
(371906873, 20, 'San Juan Diuxi'),
(372548113, 20, 'San Pablo Tijaltepec'),
(373578064, 7, 'Benemerito de las Americas'),
(373861942, 7, 'Mitontic'),
(374045214, 20, 'Santa Cruz Zenzontepec'),
(374254190, 31, 'Muxupip'),
(374848739, 20, 'San Sebastian Coatlan'),
(374855692, 20, 'San Pablo Macuiltianguis'),
(374975890, 20, 'San Melchor Betaza'),
(375464303, 26, 'Divisaderos'),
(376394268, 8, 'Janos'),
(376469486, 20, 'San Juan Atepec'),
(376609748, 7, 'Chapultenango'),
(376849322, 15, 'Jilotepec'),
(377968689, 9, 'Tlalpan'),
(378700164, 20, 'Santa Maria Zoquitlan'),
(379980324, 32, 'El Salvador'),
(380170933, 20, 'San Andres Huaxpaltepec'),
(380436518, 26, 'Santa Cruz'),
(380522266, 15, 'Naucalpan de Juarez'),
(380568547, 8, 'Chinipas'),
(380967491, 19, 'Mina'),
(380997086, 20, 'San Juan Yaee'),
(381780560, 14, 'San Martin de Bolanos'),
(381917544, 1, 'Tepezala'),
(381926868, 29, 'Atlangatepec'),
(382537444, 31, 'Oxkutzcab'),
(382813445, 30, 'Fortin'),
(383126525, 17, 'Puente de Ixtla'),
(383409347, 28, 'San Nicolas'),
(383752406, 21, 'Oriental'),
(384002736, 20, 'San Miguel Amatlan'),
(384609927, 20, 'San Juan del Rio'),
(385250465, 28, 'Camargo'),
(385645827, 30, 'Teocelo'),
(385882996, 20, 'San Pedro Coxcaltepec Cantaros'),
(388189599, 32, 'General Enrique Estrada'),
(388330088, 26, 'Puerto Penasco'),
(389202724, 30, 'Jose Azueta'),
(389218606, 19, 'Monterrey'),
(390065572, 31, 'Chichimila'),
(390391181, 15, 'Timilpan'),
(390722668, 14, 'Autlan de Navarro'),
(390845858, 20, 'San Ildefonso Villa Alta'),
(390872843, 21, 'Cuautempan'),
(391142170, 15, 'Apaxco'),
(391303233, 15, 'Tultitlan'),
(391740532, 15, 'Otzoloapan'),
(392866802, 12, 'Martir de Cuilapan'),
(392961945, 20, 'Villa Talea de Castro'),
(393018419, 7, 'San Juan Cancuc'),
(393190957, 20, 'Santiago Nejapilla'),
(393379939, 20, 'San Miguel Ahuehuetitlan'),
(393475914, 26, 'Etchojoa'),
(394321695, 20, 'Mazatlan Villa de Flores'),
(395288785, 19, 'Apodaca'),
(395303040, 8, 'Rosario'),
(395613651, 20, 'San Juan Chilateca'),
(396245724, 26, 'Suaqui Grande'),
(396342753, 10, 'Durango'),
(396745719, 12, 'Copalillo'),
(396955169, 24, 'Santa Catarina'),
(396960030, 31, 'Sucila'),
(397772660, 19, 'Los Ramones'),
(397898849, 20, 'San Lorenzo Cuaunecuiltitla'),
(399334725, 16, 'Querendaro'),
(399422839, 20, 'San Andres Solaga'),
(399743476, 29, 'Zacatelco'),
(399821120, 24, 'Ciudad del Maiz'),
(400316304, 29, 'Santa Isabel Xiloxoxtla'),
(400466104, 7, 'Osumacinta'),
(400887945, 15, 'Villa Guerrero'),
(401807790, 18, 'Ixtlan del Rio'),
(403067659, 30, 'Minatitlan'),
(403130309, 7, 'Comitan de Dominguez'),
(403135825, 7, 'Salto de Agua'),
(403334419, 14, 'Acatlan de Juarez'),
(403862374, 30, 'Tatatila'),
(403907557, 20, 'San Agustin Yatareni'),
(403918674, 20, 'Guadalupe de Ramirez'),
(404187857, 21, 'Ayotoxco de Guerrero'),
(404222445, 12, 'Pilcaya'),
(405449838, 13, 'Tepetitlan'),
(407462436, 15, 'Zumpango'),
(409025113, 28, 'Nuevo Laredo'),
(409186082, 13, 'Actopan'),
(409901326, 21, 'Atzala'),
(410200772, 31, 'Tekax'),
(411581795, 20, 'San Jose del Progreso'),
(413984059, 7, 'Amatenango del Valle'),
(414558889, 32, 'Benito Juarez'),
(414628659, 31, 'Santa Elena'),
(415918734, 21, 'Chigmecatitlan'),
(416333539, 17, 'Tetecala'),
(417032185, 31, 'Rio Lagartos'),
(417701338, 20, 'San Miguel Mixtepec'),
(417903682, 20, 'San Juan Bautista Jayacatlan'),
(418302438, 2, 'Ensenada'),
(418358609, 20, 'Santa Maria Papalo'),
(418560746, 19, 'Mier y Noriega'),
(418954192, 31, 'Baca'),
(421372506, 31, 'Chicxulub Pueblo'),
(421435942, 12, 'Juchitan'),
(422291213, 12, 'Pedro Ascencio Alquisiras'),
(422466952, 15, 'Huixquilucan'),
(423041175, 7, 'Union Juarez'),
(423552883, 32, 'Valparaiso'),
(424133935, 20, 'San Juan Ozolotepec'),
(424395938, 10, 'San Luis del Cordero'),
(424948320, 32, 'Mezquital del Oro'),
(425085985, 29, 'Panotla'),
(425166126, 20, 'San Francisco Cahuacua'),
(426122236, 10, 'Mapimi'),
(426231595, 25, 'Escuinapa'),
(426280520, 30, 'Omealca'),
(426516904, 30, 'Soledad de Doblado'),
(426582874, 20, 'Guelatao de Juarez'),
(426598524, 20, 'San Juan Juquila Mixes'),
(426866649, 12, 'Acatepec'),
(427571233, 15, 'La Paz'),
(427765995, 14, 'Jamay'),
(427793853, 29, 'Apetatitlan de Antonio Carvaja'),
(429151689, 30, 'Tonayan'),
(429705699, 21, 'Cuyoaco'),
(430041183, 21, 'Atlequizayan'),
(430592049, 23, 'Benito Juarez'),
(431095810, 8, 'San Francisco de Borja'),
(431483038, 7, 'Mazatan'),
(431938226, 20, 'Zapotitlan Lagunas'),
(432530412, 28, 'Gustavo Diaz Ordaz'),
(433171851, 16, 'Gabriel Zamora'),
(433623459, 21, 'Tuzamapan de Galeana'),
(433721777, 20, 'Santa Cruz de Bravo'),
(433841716, 20, 'San Mateo Cajonos'),
(433864093, 15, 'Tenango del Aire'),
(433883454, 30, 'Catemaco'),
(434743683, 31, 'Sotuta'),
(434777130, 31, 'Tixpehual'),
(436338914, 20, 'San Bartolome Zoogocho'),
(436687075, 20, 'Santiago Llano Grande'),
(437181287, 30, 'Cuitlahuac'),
(437337151, 29, 'Tepetitla de Lardizabal'),
(437518396, 20, 'Asuncion Cacalotepec'),
(437732821, 20, 'San Jose Independencia'),
(437806860, 16, 'Ario'),
(437860566, 11, 'Dolores Hidalgo Cuna de la Ind'),
(438110817, 17, 'Yautepec'),
(438212922, 20, 'Santa Maria Zaniza'),
(438901028, 20, 'Huautla de Jimenez'),
(439080909, 20, 'Union Hidalgo'),
(439182888, 20, 'San Pedro Martir Quiechapa'),
(439544369, 30, 'Carlos A. Carrillo'),
(439797686, 20, 'San Andres Dinicuiti'),
(441093812, 20, 'San Bernardo Mixtepec'),
(441241553, 10, 'Gomez Palacio'),
(441436000, 20, 'San Jeronimo Sosola'),
(441745024, 29, 'Chiautempan'),
(441916449, 32, 'Villa Hidalgo'),
(442334063, 14, 'San Gabriel'),
(442798302, 26, 'La Colorada'),
(443262460, 31, 'Progreso'),
(443977425, 20, 'San Juan Chicomezuchil'),
(444131167, 16, 'Ocampo'),
(444326514, 20, 'San Francisco Lachigolo'),
(444535300, 21, 'Atempan'),
(444538299, 8, 'Valle de Zaragoza'),
(445292251, 21, 'Atzitzihuacan'),
(445311215, 7, 'Teopisca'),
(445991055, 19, 'Hualahuises'),
(446558680, 14, 'Tamazula de Gordiano'),
(446711594, 7, 'Venustiano Carranza'),
(446781558, 12, 'Apaxtla'),
(446813012, 16, 'Jiquilpan'),
(446834221, 20, 'San Felipe Jalapa de Diaz'),
(447462329, 12, 'Xalpatlahuac'),
(447585882, 20, 'Santa Ana del Valle'),
(447759678, 20, 'Santa Ana Tlapacoyan'),
(448251063, 20, 'San Vicente Lachixio'),
(448353873, 21, 'Atexcal'),
(448703372, 29, 'Yauhquemehcan'),
(449148653, 26, 'Bacanora'),
(449367340, 17, 'Tlaquiltenango'),
(450833646, 32, 'Zacatecas'),
(451774709, 19, 'Los Herreras'),
(452249203, 20, 'Santa Catarina Cuixtla'),
(452786985, 11, 'Guanajuato'),
(452859137, 13, 'Tlanalapa'),
(454939076, 30, 'Cotaxtla'),
(455971824, 20, 'San Juan Tamazola'),
(457260250, 11, 'San Diego de la Union'),
(457947247, 8, 'Santa Barbara'),
(457984271, 30, 'Xalapa'),
(459940910, 20, 'San Andres Cabecera Nueva'),
(460973330, 20, 'Miahuatlan de Porfirio Diaz'),
(461400608, 17, 'Yecapixtla'),
(462032372, 20, 'San Juan Bautista Cuicatlan'),
(462828644, 13, 'Cardonal'),
(463271901, 19, 'Higueras'),
(463584814, 31, 'Tizimin'),
(464517740, 31, 'Calotmul'),
(464539580, 1, 'Rincon de Romos'),
(464663793, 20, 'Santiago Yaveo'),
(464960261, 21, 'Zinacatepec'),
(465253836, 20, 'Asuncion Nochixtlan'),
(465476958, 7, 'Chilon'),
(465576892, 10, 'Santa Clara'),
(465734626, 30, 'Ixtaczoquitlan'),
(465741552, 20, 'San Miguel Piedras'),
(465884586, 16, 'Acuitzio'),
(465916319, 29, 'Ixtenco'),
(465956232, 20, 'San Pedro Ocopetatillo'),
(467233216, 23, 'Isla Mujeres'),
(467471121, 14, 'Totatiche'),
(467876398, 32, 'Tlaltenango de Sanchez Roman'),
(468700854, 20, 'Santa Ana Ateixtlahuaca'),
(468880629, 20, 'San Pablo Yaganiza'),
(468903145, 30, 'Chacaltianguis'),
(469064190, 20, 'San Lorenzo Victoria'),
(469176106, 20, 'San Juan Comaltepec'),
(469395812, 30, 'Tomatlan'),
(469806096, 7, 'La Trinitaria'),
(470148649, 10, 'Topia'),
(470345283, 30, 'Coatzintla'),
(470643873, 30, 'Carrillo Puerto'),
(470811674, 20, 'San Dionisio del Mar'),
(470929795, 16, 'Quiroga'),
(471386624, 16, 'Paracuaro'),
(471494566, 20, 'Santa Gertrudis'),
(472469783, 20, 'San Ildefonso Amatlan'),
(472488546, 7, 'Pichucalco'),
(472963906, 7, 'Huixtla'),
(473586819, 20, 'San Pedro Mixtepec -Dto. 26 -'),
(474081637, 16, 'Churumuco'),
(474320869, 21, 'Tlachichuca'),
(474407552, 20, 'San Juan Teposcolula'),
(474883440, 21, 'Cohetzala'),
(475680991, 32, 'Villa de Cos'),
(476187535, 31, 'Abala'),
(477884835, 20, 'Huautepec'),
(478103099, 16, 'Tancitaro'),
(478606806, 22, 'Tequisquiapan'),
(479067594, 16, 'Irimbo'),
(479855143, 30, 'Landero y Coss'),
(480052494, 12, 'Taxco de Alarcon'),
(480378334, 12, 'Cuetzala del Progreso'),
(480655581, 30, 'Moloacan'),
(480843089, 30, 'Citlaltepetl'),
(482119058, 31, 'Opichen'),
(482771433, 9, 'Tlahuac'),
(482985939, 16, 'Cotija'),
(483228696, 24, 'San Ciro de Acosta'),
(483816890, 28, 'Nuevo Morelos'),
(483943426, 12, 'Pungarabato'),
(484064165, 20, 'Santa Maria Coyotepec'),
(484723587, 30, 'Calcahualco'),
(485719826, 7, 'Tecpatan'),
(486260956, 12, 'Iliatenco'),
(486441718, 30, 'Tampico Alto'),
(486493355, 16, 'Jungapeo'),
(487175901, 20, 'Santos Reyes Yucuna'),
(487236902, 21, 'Zaragoza'),
(488132313, 31, 'Chochola'),
(488447266, 28, 'San Carlos'),
(488476634, 20, 'San Bartolome Loxicha'),
(488525893, 12, 'Zitlala'),
(488629069, 32, 'Villa Gonzalez Ortega'),
(488636026, 11, 'Santa Cruz de Juventino Rosas'),
(488720644, 19, 'Rayones'),
(489097953, 13, 'Pisaflores'),
(489370577, 13, 'Jacala de Ledezma'),
(490291697, 21, 'Venustiano Carranza'),
(490412047, 18, 'Amatlan de Canas'),
(493018309, 12, 'Tixtla de Guerrero'),
(495592314, 13, 'Chapulhuacan'),
(495928584, 16, 'San Lucas'),
(496485400, 26, 'Imuris'),
(497107463, 26, 'Soyopa'),
(498433503, 7, 'Ocozocoautla de Espinosa'),
(498503361, 31, 'Timucuy'),
(498568785, 15, 'Tepetlaoxtoc'),
(498672042, 24, 'Rioverde'),
(498867120, 7, 'Las Rosas'),
(499939461, 22, 'Cadereyta de Montes'),
(500042600, 7, 'Altamirano'),
(500440206, 20, 'Santo Tomas Ocotepec'),
(500515526, 20, 'Asuncion Tlacolulita'),
(500749731, 21, 'Jonotla'),
(501069340, 15, 'Huehuetoca'),
(501218929, 21, 'Ocoyucan'),
(502259321, 11, 'Villagran'),
(502531763, 32, 'Mazapil'),
(503208457, 8, 'Lopez'),
(503308032, 12, 'Benito Juarez'),
(503560878, 21, 'Totoltepec de Guerrero'),
(504087116, 19, 'Juarez'),
(504580758, 20, 'San Miguel Tenango'),
(504602959, 13, 'Apan'),
(505711717, 13, 'Epazoyucan'),
(505959061, 32, 'Concepcion del Oro'),
(506666482, 24, 'Ciudad Fernandez'),
(506880142, 31, 'Tunkas'),
(506979197, 20, 'Santa Cruz Tacache de Mina'),
(507048359, 7, 'Solosuchiapa'),
(507461410, 20, 'San Juan Colorado'),
(508504662, 18, 'Acaponeta'),
(508974625, 15, 'Chapa de Mota'),
(508999210, 28, 'Guemez'),
(509799664, 14, 'Mascota'),
(510499653, 13, 'Mixquiahuala de Juarez'),
(510851703, 13, 'Tula de Allende'),
(511738954, 21, 'San Gabriel Chilac'),
(512464303, 24, 'Matlapa'),
(512754215, 19, 'Lampazos de Naranjo'),
(513530889, 7, 'Pantepec'),
(513581123, 20, 'San Carlos Yautepec'),
(514809405, 14, 'Guachinango'),
(515650424, 21, 'Chignahuapan'),
(516027774, 19, 'Hidalgo'),
(516084117, 20, 'San Vicente Coatlan'),
(516380541, 16, 'alvaro Obregon'),
(516396038, 13, 'Xochiatipan'),
(517001541, 20, 'Tlacolula de Matamoros'),
(517317326, 19, 'Vallecillo'),
(517629193, 21, 'Caxhuacan'),
(518268030, 8, 'Manuel Benavides'),
(518544435, 5, 'Nava'),
(518879315, 32, 'Jalpa'),
(518920288, 21, 'Chignautla'),
(519345800, 16, 'Copandaro'),
(519853931, 19, 'Galeana'),
(520795218, 20, 'San Simon Zahuatlan'),
(521149618, 20, 'San Pedro el Alto'),
(521198914, 27, 'Centla'),
(521468556, 10, 'Otaez'),
(522106182, 20, 'San Juan Tabaa'),
(522512150, 21, 'Quecholac'),
(522579667, 7, 'Acapetahua'),
(523221956, 29, 'Santa Apolonia Teacalco'),
(523337314, 16, 'La Piedad'),
(523353146, 8, 'Batopilas'),
(523419344, 7, 'Juarez'),
(523682176, 15, 'Chapultepec'),
(523987230, 5, 'San Buenaventura'),
(524372456, 20, 'San Juan de los Cues'),
(524375801, 20, 'Santa Maria Yalina'),
(524433635, 16, 'Nocupetaro'),
(524843321, 16, 'Marcos Castellanos'),
(525421628, 7, 'Acacoyagua'),
(525494433, 31, 'Tahdziu'),
(526496971, 20, 'Mesones Hidalgo'),
(526559462, 15, 'Amanalco'),
(526624486, 19, 'Gral. Zaragoza'),
(527365678, 21, 'Ixcaquixtla'),
(529175793, 19, 'Carmen'),
(529293096, 21, 'Tzicatlacoyan'),
(529490065, 18, 'Xalisco'),
(530095777, 7, 'Cintalapa'),
(530105265, 13, 'Tasquillo'),
(530462076, 20, 'San Andres Nuxino'),
(531135453, 20, 'San Pedro Apostol'),
(531495745, 20, 'San Mateo Yoloxochitlan'),
(532146454, 14, 'Ixtlahuacan de los Membrillos'),
(532250556, 21, 'Tlaxco'),
(532563055, 29, 'Yauhquemecan'),
(532698882, 21, 'Chinantla'),
(533411404, 20, 'San Pedro Huilotepec'),
(534477255, 20, 'Santa Catarina Minas'),
(534508471, 8, 'Casas Grandes'),
(535049944, 16, 'Nahuatzen'),
(535430003, 15, 'Cuautitlan Izcalli'),
(535919938, 30, 'Soledad Atzompa'),
(535981118, 9, 'La Magdalena Contreras'),
(536305403, 28, 'Llera'),
(536332060, 30, 'Tlaquilpa'),
(536416481, 20, 'Santos Reyes Nopala'),
(536787663, 20, 'Ixtlan de Juarez'),
(536966739, 20, 'La Compania'),
(537232683, 21, 'Guadalupe Victoria'),
(537914593, 20, 'San Pedro Teozacoalco'),
(538257811, 5, 'Nadadores'),
(538289538, 21, 'Zacatlan'),
(538558190, 7, 'Villa Comaltitlan'),
(539050384, 30, 'Tempoal'),
(540414509, 21, 'Xochiltepec'),
(540978307, 21, 'San Antonio Canada'),
(541346927, 21, 'Acatzingo'),
(541418883, 30, 'Soconusco'),
(542071816, 31, 'Tzucacab'),
(542490478, 20, 'San Juan Lalana'),
(542534517, 31, 'Mani'),
(542809739, 31, 'Chacsinkin'),
(542932440, 20, 'San Lorenzo Cacaotepec'),
(543092684, 20, 'San Miguel Tlacotepec'),
(543315736, 31, 'Yaxcaba'),
(544892680, 17, 'Tlayacapan'),
(545732051, 6, 'Cuauhtemoc'),
(545794003, 15, 'Ixtapan del Oro'),
(547071990, 30, 'Atzalan'),
(547428470, 7, 'Tzimol'),
(547937252, 28, 'Miguel Aleman'),
(548526570, 16, 'Angangueo'),
(549045628, 21, 'Chiautzingo'),
(549536640, 14, 'San Diego de Alejandria'),
(549602290, 15, 'Melchor Ocampo'),
(549917660, 30, 'Los Reyes'),
(549980648, 20, 'Santa Maria Ixcatlan'),
(550526168, 20, 'Santiago Laollaga'),
(550595199, 20, 'Santiago Yaitepec'),
(550885539, 32, 'Santa Maria de la Paz'),
(551346192, 29, 'Teolocholco'),
(552064949, 15, 'Texcoco'),
(552440423, 13, 'Atitalaquia'),
(552879512, 20, 'Concepcion Buenavista'),
(553864603, 26, 'Bacadehuachi'),
(554383877, 21, 'San Pedro Cholula'),
(555248720, 24, 'Soledad de Graciano Sanchez'),
(555390440, 27, 'Macuspana'),
(557336254, 14, 'Union de San Antonio'),
(557568552, 16, 'Santa Ana Maya'),
(558204745, 20, 'San Pedro Tidaa'),
(559365849, 16, 'Charapan'),
(559654892, 20, 'San Martin Toxpalan'),
(559877490, 21, 'Tlanepantla'),
(560140533, 15, 'Amatepec'),
(560227182, 14, 'Santa Maria de los angeles'),
(560769530, 8, 'Namiquipa'),
(560911419, 30, 'Cordoba'),
(560912329, 7, 'Ocosingo'),
(560923852, 20, 'San Juan Bautista Lo de Soto'),
(561035267, 20, 'Magdalena Zahuatlan'),
(561205275, 32, 'Apozol'),
(561239203, 14, 'Zapotitlan de Vadillo'),
(561292216, 8, 'Allende'),
(561299257, 16, 'Huaniqueo'),
(561777286, 24, 'Venado'),
(561989229, 16, 'Tzitzio'),
(562217066, 13, 'Chapantongo'),
(563090817, 20, 'Zapotitlan Palmas'),
(563312534, 7, 'Palenque'),
(563637574, 20, 'San Pedro Mixtepec -Dto. 22 -'),
(563690856, 16, 'Maravatio'),
(563775629, 20, 'Villa de Chilapa de Diaz'),
(563843747, 20, 'Santa Maria Sola'),
(564077692, 20, 'San Francisco Logueche'),
(564351613, 21, 'Jalpan'),
(564567355, 20, 'animas Trujano'),
(564618479, 18, 'San Blas'),
(564854796, 20, 'Santa Catarina Lachatao'),
(564991711, 12, 'San Miguel Totolapan'),
(565004681, 20, 'Santiago Xiacui'),
(565127754, 15, 'El Oro'),
(566159762, 20, 'San Antonino Castillo Velasco'),
(566219282, 21, 'Epatlan'),
(566390774, 30, 'Acatlan'),
(567212235, 7, 'La Grandeza'),
(567621432, 20, 'San Mateo del Mar'),
(567819817, 14, 'Mexticacan'),
(568345506, 18, 'Huajicori'),
(568785336, 30, 'Texcatepec'),
(568940268, 12, 'Tecoanapa'),
(569003061, 30, 'Ixmatlahuacan'),
(569105219, 21, 'Zongozotla'),
(569192863, 20, 'San Mateo Pinas'),
(569982280, 7, 'Suchiate'),
(570828621, 7, 'Bochil'),
(571597855, 20, 'Tezoatlan de Segura y Luna'),
(572378384, 31, 'Kantunil'),
(572734741, 20, 'San Pedro Molinos'),
(573209940, 20, 'Santiago Ixtayutla'),
(573911795, 16, 'Tiquicheo de Nicolas Romero'),
(574756911, 13, 'Francisco I. Madero'),
(575363122, 5, 'Arteaga'),
(576627083, 26, 'Granados'),
(576808345, 20, 'San Juan Cotzocon'),
(577280226, 21, 'San Nicolas de los Ranchos'),
(577744059, 13, 'San Felipe Orizatlan'),
(577808827, 11, 'Atarjea'),
(578011884, 15, 'Temamatla'),
(578864658, 26, 'Banamichi'),
(579043056, 14, 'San Cristobal de la Barranca'),
(579121736, 16, 'Zinapecuaro'),
(579337079, 30, 'Huayacocotla'),
(579668360, 12, 'Eduardo Neri'),
(579834447, 14, 'Atengo'),
(580564697, 6, 'Ixtlahuacan'),
(580611493, 21, 'Eloxochitlan'),
(580964182, 20, 'Santa Maria Tonameca'),
(581033322, 16, 'Los Reyes'),
(581777921, 30, 'San Andres Tenejapan'),
(581985112, 20, 'Yogana'),
(582518359, 16, 'Tinguindin'),
(582850064, 30, 'Comapa'),
(583130663, 17, 'Ayala'),
(583470538, 20, 'Santa Maria Penoles'),
(584304548, 21, 'Camocuautla'),
(585651420, 27, 'Centro'),
(585670516, 31, 'Tekit'),
(585707928, 20, 'Santa Cruz Xoxocotlan'),
(586509036, 28, 'Casas'),
(586626266, 14, 'Zapotlan el Grande'),
(587552002, 29, 'Atltzayanca'),
(587604647, 10, 'Santiago Papasquiaro'),
(587923481, 20, 'Zapotitlan del Rio'),
(588412877, 17, 'Cuernavaca'),
(588684134, 20, 'San Lorenzo'),
(588993879, 2, 'Tijuana'),
(589557689, 30, 'Coacoatzintla'),
(590216156, 20, 'San Jeronimo Silacayoapilla'),
(590586278, 28, 'Guerrero'),
(591139690, 7, 'Chiapilla'),
(591175212, 4, 'Champoton'),
(591658765, 20, 'Santa Maria Huazolotitlan'),
(591783268, 30, 'Alto Lucero de Gutierrez Barri'),
(591866245, 14, 'El Arenal'),
(591894013, 32, 'Jimenez del Teul'),
(592089821, 10, 'Guadalupe Victoria'),
(592475988, 14, 'Atotonilco el Alto'),
(592493994, 20, 'Santa Maria Jalapa del Marques'),
(592550474, 30, 'Cosoleacaque'),
(593153786, 17, 'Atlatlahucan'),
(593519052, 1, 'El Llano'),
(593624596, 21, 'Calpan'),
(593641272, 16, 'Aporo'),
(593694826, 15, 'Joquicingo'),
(593802927, 30, 'Ixhuatlancillo'),
(594445024, 28, 'San Fernando'),
(594993231, 16, 'Aquila'),
(595246692, 8, 'Satevo'),
(595253819, 21, 'Tepeaca'),
(595398568, 21, 'San Salvador Huixcolotla'),
(595677969, 20, 'Santiago Ihuitlan Plumas'),
(595884570, 19, 'Garcia'),
(596315622, 14, 'Colotlan'),
(596806161, 20, 'Villa Diaz Ordaz'),
(597118805, 21, 'Huauchinango'),
(597385163, 25, 'El Fuerte'),
(597458059, 30, 'Chinameca'),
(597603621, 11, 'Tierra Blanca'),
(597627577, 31, 'Buctzotz'),
(597629518, 30, 'Paso del Macho'),
(598029475, 20, 'San Pedro Jocotipac'),
(598519791, 20, 'San Pablo Villa de Mitla'),
(598713854, 31, 'Tixmehuac'),
(598794710, 21, 'Ixtepec'),
(599427821, 21, 'Juan N. Mendez'),
(599781437, 20, 'Ocotlan de Morelos'),
(599844135, 20, 'Santiago Pinotepa Nacional'),
(600648978, 29, 'Huamantla'),
(602345538, 14, 'Tecalitlan'),
(602375106, 20, 'Santa Maria Ozolotepec'),
(603191456, 22, 'Arroyo Seco'),
(603475311, 7, 'Chenalho'),
(604168739, 22, 'San Juan del Rio'),
(604177633, 13, 'Tetepango'),
(604265107, 26, 'General Plutarco Elias Calles'),
(604710246, 8, 'Ignacio Zaragoza'),
(605523326, 20, 'Santa Cruz Amilpas'),
(605973596, 11, 'Tarandacuao'),
(606233086, 20, 'Santo Domingo de Morelos'),
(606413507, 21, 'Coxcatlan'),
(606451805, 20, 'San Lucas Ojitlan'),
(607242433, 21, 'Huejotzingo'),
(607273688, 20, 'San Cristobal Amoltepec'),
(607788761, 24, 'Moctezuma'),
(607969344, 30, 'Naranjos Amatlan'),
(608367167, 12, 'Juan R. Escudero'),
(608397882, 20, 'Santiago Nuyoo'),
(609533125, 15, 'Chicoloapan'),
(609753781, 29, 'San Damian Texoloc'),
(609981975, 11, 'San Francisco del Rincon'),
(610711576, 20, 'Santiago Cacaloxtepec'),
(610711914, 8, 'Ocampo'),
(611676637, 30, 'Tlacojalpan'),
(612324444, 14, 'Tecolotlan'),
(612669413, 26, 'Huepac'),
(612731739, 14, 'Amacueca'),
(613119940, 20, 'Santiago Huajolotitlan'),
(613365881, 21, 'Soltepec'),
(613452346, 16, 'Numaran'),
(613579437, 20, 'Santa Maria Jaltianguis'),
(613679749, 31, 'Yobain'),
(614703856, 5, 'Monclova'),
(615633636, 13, 'Metztitlan'),
(615750969, 4, 'Palizada'),
(616019099, 15, 'Ecatepec de Morelos'),
(616115292, 30, 'Huatusco'),
(616136058, 5, 'Juarez'),
(616286681, 30, 'Lerdo de Tejada'),
(616458818, 21, 'San Felipe Teotlalcingo'),
(616867670, 17, 'Miacatlan'),
(617192148, 20, 'San Lorenzo Albarradas'),
(617323889, 14, 'Techaluta de Montenegro'),
(617431611, 6, 'Comala'),
(617745508, 30, 'Vega de Alatorre'),
(618279560, 20, 'Santa Maria Guienagati'),
(618324871, 20, 'San Martin de los Cansecos'),
(618363439, 17, 'Zacualpan'),
(618544262, 18, 'Ahuacatlan'),
(618646848, 20, 'Heroica Ciudad de Tlaxiaco'),
(618843608, 30, 'Juan Rodriguez Clara'),
(619151028, 31, 'Cansahcab'),
(619213180, 14, 'Villa Purificacion'),
(619541853, 30, 'Medellin'),
(619813150, 30, 'Ixhuacan de los Reyes'),
(620348133, 20, 'Trinidad Zaachila'),
(620587612, 12, 'Chilapa de alvarez'),
(620969695, 7, 'Huixtan'),
(621892365, 24, 'Rayon'),
(622297758, 13, 'Eloxochitlan'),
(622306876, 30, 'Ixcatepec'),
(622416734, 21, 'Santiago Miahuatlan'),
(622773533, 21, 'Acateno'),
(622847138, 20, 'San Antonio de la Cal'),
(623099484, 16, 'Tacambaro'),
(623475305, 10, 'Coneto de Comonfort'),
(623507766, 20, 'Concepcion Papalo'),
(623715365, 21, 'Palmar de Bravo'),
(624668281, 20, 'Santa Catarina Quiane'),
(624811467, 21, 'Coatepec'),
(625024250, 22, 'Pedro Escobedo'),
(625035955, 8, 'Matachi'),
(625177334, 31, 'Espita'),
(625339032, 10, 'Guanacevi'),
(626079575, 13, 'Acatlan'),
(627224583, 16, 'Buenavista'),
(627699832, 30, 'Tlacotepec de Mejia'),
(627807348, 20, 'Santo Tomas Mazaltepec'),
(627851770, 26, 'Navojoa'),
(627991922, 20, 'Santiago Choapam'),
(628144154, 31, 'Cuzama'),
(629299196, 21, 'Chilchotla'),
(629472762, 26, 'Hermosillo'),
(629567025, 20, 'Santo Domingo Nuxaa'),
(629621813, 26, 'Oquitoa'),
(629720044, 5, 'Hidalgo'),
(629861337, 13, 'Juarez Hidalgo'),
(630441981, 21, 'Ahuazotepec'),
(631052162, 21, 'Huehuetlan el Grande'),
(631503222, 16, 'Lazaro Cardenas'),
(631869121, 8, 'Cuauhtemoc'),
(632105550, 11, 'Salamanca'),
(632196988, 24, 'Cedral'),
(633288412, 26, 'Altar'),
(633296651, 13, 'El Arenal'),
(633747235, 32, 'Juchipila');
INSERT INTO `municipios` (`clave`, `idEstado`, `municipio`) VALUES
(633863036, 16, 'Mugica'),
(634028145, 15, 'Chimalhuacan'),
(634381740, 15, 'Tlalmanalco'),
(634700467, 10, 'San Pedro del Gallo'),
(634959448, 26, 'Alamos'),
(634962847, 30, 'Coxquihui'),
(634991274, 30, 'Perote'),
(635020421, 20, 'Ayotzintepec'),
(636417899, 31, 'Muna'),
(636813808, 20, 'San Jorge Nuchita'),
(636818351, 21, 'San Jeronimo Xayacatlan'),
(637991357, 13, 'Tizayuca'),
(638242248, 13, 'Metepec'),
(638583011, 12, 'Coyuca de Benitez'),
(639153426, 16, 'Erongaricuaro'),
(639451899, 13, 'Mineral del Monte'),
(640484669, 20, 'Santa Lucia Ocotlan'),
(641049262, 21, 'Atlixco'),
(641257606, 26, 'Benjamin Hill'),
(641570109, 20, 'Santiago Huauclilla'),
(641973922, 13, 'Tezontepec de Aldama'),
(643237160, 20, 'Villa de Tamazulapam del Progr'),
(644020868, 20, 'San Miguel Tilquiapam'),
(644620765, 20, 'San Juan Mazatlan'),
(645800015, 13, 'Lolotla'),
(646048590, 30, 'Zentla'),
(646136659, 20, 'San Miguel Ejutla'),
(646633035, 16, 'Jacona'),
(647100581, 30, 'Ursulo Galvan'),
(647926585, 20, 'San Nicolas'),
(648074710, 12, 'Tepecoacuilco de Trujano'),
(648178808, 10, 'Tamazula'),
(648240496, 20, 'San Francisco Ixhuatan'),
(648735843, 20, 'San Antonino Monte Verde'),
(649009576, 21, 'Ocotepec'),
(649577184, 20, 'Santa Ana Cuauhtemoc'),
(649588333, 14, 'Tonaya'),
(650587273, 13, 'Huasca de Ocampo'),
(651143425, 15, 'San Antonio la Isla'),
(651329123, 24, 'Cerritos'),
(651414588, 20, 'Tlalixtac de Cabrera'),
(651734180, 20, 'Guevea de Humboldt'),
(651988069, 12, 'Cocula'),
(653044600, 8, 'Matamoros'),
(653757009, 17, 'Zacatepec'),
(653990468, 31, 'Cenotillo'),
(654113516, 26, 'Caborca'),
(654702796, 20, 'Tamazulapam del Espiritu Santo'),
(655331912, 12, 'Metlatonoc'),
(655789854, 20, 'San Sebastian Teitipac'),
(656036275, 20, 'San Jacinto Amilpas'),
(656205885, 16, 'Sahuayo'),
(657111915, 20, 'San Andres Teotilalpam'),
(658117204, 20, 'Yaxe'),
(658402594, 21, 'Francisco Z. Mena'),
(658477555, 20, 'Tataltepec de Valdes'),
(659200105, 20, 'Santiago Amoltepec'),
(659424981, 20, 'Villa de Etla'),
(660534211, 20, 'Santo Domingo Tomaltepec'),
(660580637, 31, 'Ticul'),
(662371426, 8, 'El Tule'),
(662497954, 12, 'Coahuayutla de J Ma Izazaga'),
(662624986, 15, 'Mexicaltzingo'),
(662868809, 7, 'Mazapa de Madero'),
(662944572, 21, 'Ahuacatlan'),
(664769126, 28, 'El Mante'),
(665424728, 28, 'Mendez'),
(666106259, 7, 'Frontera Comalapa'),
(666144997, 21, 'Nauzontla'),
(666311040, 8, 'Guadalupe'),
(667093036, 15, 'Tejupilco'),
(667461496, 24, 'Cerro de San Pedro'),
(667527234, 30, 'Coatepec'),
(667775630, 14, 'Tuxcacuesco'),
(668073556, 15, 'Nextlalpan'),
(668111187, 26, 'Saric'),
(668356273, 12, 'Cochoapa el Grande'),
(668587249, 24, 'Coxcatlan'),
(668895967, 31, 'Akil'),
(669613409, 20, 'San Cristobal Suchixtlahuaca'),
(670425086, 30, 'Tres Valles'),
(670603368, 15, 'Ocuilan'),
(671172467, 27, 'Nacajuca'),
(671648307, 15, 'Jocotitlan'),
(671682041, 12, 'Chilpancingo de los Bravo'),
(671690681, 20, 'Santiago Tilantongo'),
(672322415, 14, 'Mixtlan'),
(673439747, 20, 'San Pedro Huamelula'),
(673499821, 5, 'Escobedo'),
(673834945, 31, 'Celestun'),
(674101063, 22, 'Jalpan de Serra'),
(674453849, 16, 'Salvador Escalante'),
(675479477, 20, 'San Francisco Chindua'),
(675842564, 22, 'Ezequiel Montes'),
(676565751, 16, 'Tlalpujahua'),
(676683390, 15, 'Teotihuacan'),
(676980635, 20, 'San Blas Atempa'),
(677140051, 30, 'Rafael Delgado'),
(677321582, 16, 'Paracho'),
(677690461, 4, 'Candelaria'),
(677703410, 16, 'Apatzingan'),
(678093194, 28, 'Soto la Marina'),
(678143472, 1, 'Cosio'),
(678423800, 21, 'Acteopan'),
(678697192, 20, 'San Antonio Acutla'),
(678960260, 14, 'San Julian'),
(679405712, 31, 'Dzilam Gonzalez'),
(679490965, 20, 'San Antonio Nanahuatipam'),
(679744007, 18, 'San Pedro Lagunillas'),
(680582969, 17, 'Tlaltizapan de Zapata'),
(680847128, 14, 'Ojuelos de Jalisco'),
(681650975, 14, 'Jesus Maria'),
(681709133, 20, 'La Reforma'),
(682676313, 7, 'Tuxtla Chico'),
(682766775, 6, 'Manzanillo'),
(683968788, 32, 'Fresnillo'),
(685138644, 20, 'Santiago Zoochila'),
(685303088, 24, 'San Vicente Tancuayalab'),
(685493631, 20, 'San Bartolo Soyaltepec'),
(685819308, 14, 'Jocotepec'),
(685842654, 28, 'Rio Bravo'),
(686239540, 21, 'Cohuecan'),
(686470791, 13, 'Alfajayucan'),
(687403853, 15, 'Aculco'),
(687693823, 31, 'Chikindzonot'),
(687697028, 19, 'San Pedro Garza Garcia'),
(687821141, 23, 'Lazaro Cardenas'),
(687841875, 15, 'San Simon de Guerrero'),
(688242052, 6, 'Minatitlan'),
(689163649, 14, 'Amatitan'),
(690913023, 2, 'Tecate'),
(691989748, 21, 'Molcaxac'),
(692132673, 7, 'Sunuapa'),
(692301054, 20, 'San Dionisio Ocotepec'),
(692337518, 20, 'La Pe'),
(693435271, 16, 'Tuxpan'),
(694734735, 30, 'Tenochtitlan'),
(694967432, 16, 'Ziracuaretiro'),
(695100089, 20, 'Santa Maria Atzompa'),
(695318550, 24, 'Tampamolon Corona'),
(695328102, 29, 'Espanita'),
(695624820, 27, 'Paraiso'),
(695671523, 20, 'San Jeronimo Tlacochahuaya'),
(696128191, 20, 'San Esteban Atatlahuca'),
(697346844, 31, 'Cuncunul'),
(697425974, 21, 'San Miguel Ixitlan'),
(697427480, 20, 'Santa Lucia del Camino'),
(697621976, 24, 'Aquismon'),
(698705788, 28, 'Tula'),
(698894250, 11, 'Salvatierra'),
(698923981, 20, 'San Francisco Cajonos'),
(699244249, 7, 'Chicomuselo'),
(699578265, 24, 'Ciudad Valles'),
(700077632, 20, 'Santa Maria Mixtequilla'),
(701427086, 20, 'Magdalena Teitipac'),
(702244261, 18, 'Bahia de Banderas'),
(702378578, 21, 'Caltepec'),
(702893729, 21, 'Tepetzintla'),
(703946084, 12, 'Huitzuco de los Figueroa'),
(704347562, 30, 'Agua Dulce'),
(704986401, 16, 'Angamacutiro'),
(705054199, 17, 'Jiutepec'),
(705312735, 20, 'San Juan numi'),
(705403007, 20, 'San Jeronimo Tecoatl'),
(706103235, 32, 'Trinidad Garcia de la Cadena'),
(706732168, 20, 'San Sebastian Tutla'),
(707196558, 14, 'El Salto'),
(707337087, 7, 'Tonala'),
(707875820, 21, 'Chiautla'),
(708179991, 24, 'Lagunillas'),
(708859842, 21, 'Zapotitlan de Mendez'),
(709039277, 31, 'Hoctun'),
(709709754, 14, 'Tuxcueca'),
(709723342, 21, 'Juan Galindo'),
(710964727, 20, 'San Pedro Totolapam'),
(711361574, 8, 'Aldama'),
(711417041, 19, 'Agualeguas'),
(711607254, 15, 'Villa de Allende'),
(711698676, 16, 'Nuevo Urecho'),
(711976002, 29, 'La Magdalena Tlaltelulco'),
(712512470, 21, 'Aljojuca'),
(712578204, 20, 'San Antonino el Alto'),
(712647638, 14, 'Teocaltiche'),
(713538863, 8, 'Coronado'),
(714002133, 20, 'Heroica Ciudad de Juchitan de'),
(714662146, 30, 'Isla'),
(714741962, 27, 'Cardenas'),
(715655325, 21, 'Coatzingo'),
(715872269, 6, 'Tecoman'),
(716285717, 15, 'Acambay'),
(716467354, 28, 'Tampico'),
(717061764, 15, 'Axapusco'),
(717542331, 12, 'Marquelia'),
(718220840, 30, 'Jesus Carranza'),
(718731712, 26, 'Empalme'),
(719379311, 20, 'San Juan Cacahuatepec'),
(719567763, 30, 'Tuxtilla'),
(719671533, 24, 'Santa Maria del Rio'),
(720272234, 4, 'Carmen'),
(720311073, 16, 'Tingambato'),
(720404269, 14, 'Tapalpa'),
(721301829, 12, 'Arcelia'),
(721311192, 21, 'Tianguismanalco'),
(721493543, 14, 'Tenamaxtlan'),
(721632377, 15, 'Zacazonapan'),
(721829022, 19, 'Santiago'),
(722078260, 22, 'Queretaro'),
(722118696, 8, 'La Cruz'),
(723381750, 21, 'Chietla'),
(723565478, 20, 'Santiago Astata'),
(724188697, 7, 'Socoltenango'),
(724793206, 14, 'Jilotlan de los Dolores'),
(725277307, 15, 'Valle de Bravo'),
(725865914, 8, 'Meoqui'),
(726613706, 20, 'San Baltazar Yatzachi el Bajo'),
(727585705, 21, 'Amixtlan'),
(727870141, 24, 'Xilitla'),
(727918531, 15, 'Juchitepec'),
(727929227, 22, 'Penamiller'),
(728709433, 17, 'Tlaltizapan'),
(729196778, 20, 'San Bartolo Yautepec'),
(730147359, 30, 'Tezonapa'),
(730393080, 8, 'Nonoava'),
(730717539, 14, 'Sayula'),
(730904816, 12, 'Huamuxtitlan'),
(731264566, 26, 'Tepache'),
(731298755, 24, 'El Naranjo'),
(731307503, 30, 'Pueblo Viejo'),
(732643705, 26, 'Moctezuma'),
(732785647, 15, 'Xalatlaco'),
(733205413, 20, 'San Cristobal Amatlan'),
(733597189, 20, 'Santiago Juxtlahuaca'),
(733999631, 27, 'Jonuta'),
(734677421, 7, 'Siltepec'),
(734868258, 16, 'Contepec'),
(734921489, 20, 'Santo Domingo Xagacia'),
(735029172, 20, 'San Jose Ayuquila'),
(735248806, 16, 'Jimenez'),
(735406758, 8, 'Guerrero'),
(735589756, 12, 'Florencio Villarreal'),
(735821098, 31, 'Valladolid'),
(736361817, 14, 'Talpa de Allende'),
(737403995, 30, 'Naranjal'),
(738032875, 15, 'Ocoyoacac'),
(738131638, 20, 'San Francisco Chapulapa'),
(738296692, 7, 'Escuintla'),
(738632736, 30, 'Acayucan'),
(738840665, 20, 'Teotitlan de Flores Magon'),
(739078032, 5, 'Matamoros'),
(739225664, 21, 'Piaxtla'),
(740057697, 21, 'Tilapa'),
(740689375, 11, 'Xichu'),
(740933404, 5, 'Allende'),
(741049002, 25, 'Choix'),
(742031997, 12, 'Leonardo Bravo'),
(743190769, 7, 'Tapilula'),
(743549762, 19, 'Abasolo'),
(744357483, 15, 'Almoloya del Rio'),
(744406559, 14, 'Toliman'),
(744474512, 7, 'Tenejapa'),
(744794338, 28, 'Palmillas'),
(745149496, 21, 'Olintla'),
(746749439, 31, 'Tecoh'),
(748353054, 20, 'San Lucas Zoquiapam'),
(748909540, 14, 'Cabo Corrientes'),
(749093117, 8, 'Bocoyna'),
(749141272, 20, 'San Mateo Yucutindo'),
(750053051, 20, 'Pinotepa de Don Luis'),
(750100657, 28, 'Valle Hermoso'),
(750262840, 15, 'Capulhuac'),
(750664361, 30, 'Chumatlan'),
(750766415, 3, 'Mulege'),
(750815151, 7, 'Maravilla Tenejapa'),
(750938451, 24, 'San Nicolas Tolentino'),
(751829233, 29, 'Xaloztoc'),
(751830166, 11, 'San Luis de la Paz'),
(752926743, 32, 'Luis Moya'),
(753341804, 12, 'Cualac'),
(753350750, 11, 'Coroneo'),
(753501599, 20, 'Santa Maria Alotepec'),
(753623535, 19, 'Gral. Zuazua'),
(753637641, 20, 'San Francisco del Mar'),
(754190720, 26, 'Villa Pesqueira'),
(754252333, 6, 'Coquimatlan'),
(754638473, 27, 'Tacotalpa'),
(755100043, 16, 'Tumbiscatio'),
(755263315, 16, 'Puruandiro'),
(756699919, 21, 'Hueytlalpan'),
(756793686, 20, 'Cosoltepec'),
(757977797, 30, 'Mariano Escobedo'),
(758237659, 20, 'San Agustin de las Juntas'),
(758351315, 24, 'Villa de Arriaga'),
(758613140, 10, 'Hidalgo'),
(758988836, 20, 'Constancia del Rosario'),
(762256827, 30, 'Atzacan'),
(762920751, 26, 'Opodepe'),
(763183458, 30, 'Alvarado'),
(763921556, 24, 'Villa Juarez'),
(764691568, 26, 'Magdalena'),
(764823480, 12, 'Alcozauca de Guerrero'),
(764996703, 20, 'San Pedro Pochutla'),
(764998492, 31, 'Suma'),
(765405108, 16, 'Zacapu'),
(765581574, 21, 'Puebla'),
(765895900, 20, 'Sitio de Xitlapehua'),
(765921549, 12, 'Atlixtac'),
(766383945, 20, 'San Miguel Amatitlan'),
(766785773, 20, 'San Pedro y San Pablo Ayutla'),
(766875756, 30, 'Playa Vicente'),
(767020275, 11, 'Irapuato'),
(769271279, 20, 'San Gabriel Mixtepec'),
(769904006, 25, 'Angostura'),
(770154133, 16, 'Vista Hermosa'),
(770196024, 21, 'Huatlatlauca'),
(770277151, 20, 'Chahuites'),
(771187580, 5, 'Saltillo'),
(771209277, 18, 'Tepic'),
(771618828, 25, 'Concordia'),
(771916385, 7, 'Angel Albino Corzo'),
(772096276, 6, 'Armeria'),
(772229042, 13, 'Chilcuautla'),
(772344009, 32, 'Susticacan'),
(773055428, 15, 'Lerma'),
(773433018, 22, 'Colon'),
(773753392, 15, 'Atenco'),
(774587281, 20, 'San Miguel Soyaltepec'),
(774656282, 4, 'Calkini'),
(775064767, 21, 'Mazapiltepec de Juarez'),
(775213107, 20, 'San Agustin Atenango'),
(775846139, 30, 'Benito Juarez'),
(776397331, 20, 'Santo Domingo Yanhuitlan'),
(776627974, 25, 'Cosala'),
(776802212, 8, 'Buenaventura'),
(776893508, 27, 'Jalpa de Mendez'),
(777071302, 5, 'Castanos'),
(779301835, 7, 'La Independencia'),
(779674814, 20, 'San Bartolome Quialana'),
(779949218, 24, 'San Martin Chalchicuautla'),
(780362102, 27, 'Balancan'),
(780468394, 29, 'Sanctorum de Lazaro Cardenas'),
(780471527, 7, 'Arriaga'),
(780600960, 12, 'Zapotitlan Tablas'),
(780962416, 29, 'Ixtacuixtla de Mariano Matamor'),
(781637892, 20, 'Santa Cruz Nundaco'),
(781861573, 20, 'San Miguel Coatlan'),
(782546625, 12, 'Teloloapan'),
(783242994, 5, 'Ramos Arizpe'),
(783279080, 20, 'Villa de Zaachila'),
(783405455, 30, 'Nautla'),
(784056661, 31, 'Dzidzantun'),
(786448591, 8, 'Moris'),
(786954588, 20, 'San Pablo Coatlan'),
(787574763, 20, 'Tepelmeme Villa de Morelos'),
(789424763, 31, 'Mococha'),
(789523025, 20, 'San Miguel del Rio'),
(790217437, 12, 'Ahuacuotzingo'),
(790270908, 16, 'Juarez'),
(790615316, 20, 'Natividad'),
(791076471, 18, 'Compostela'),
(791174729, 27, 'Tenosique'),
(791528886, 8, 'Julimes'),
(791557806, 21, 'San Matias Tlalancaleca'),
(792647304, 20, 'Totontepec Villa de Morelos'),
(792738171, 21, 'Hermenegildo Galeana'),
(792815750, 29, 'Tetla de la Solidaridad'),
(792947970, 1, 'San Jose de Gracia'),
(793008708, 15, 'Metepec'),
(793267152, 30, 'San Juan Evangelista'),
(793302612, 31, 'Dzitas'),
(794079294, 3, 'La Paz'),
(794994656, 20, 'San Martin Lachila'),
(795021901, 10, 'Tepehuanes'),
(795737891, 20, 'Nejapa de Madero'),
(795746325, 15, 'San Felipe del Progreso'),
(795973544, 21, 'Tepexco'),
(796079554, 16, 'Yurecuaro'),
(796450490, 30, 'Panuco'),
(797816915, 14, 'Ameca'),
(798627858, 14, 'Tomatlan'),
(799060463, 20, 'Pluma Hidalgo'),
(799354410, 10, 'Penon Blanco'),
(799863712, 20, 'San Juan Bautista Coixtlahuaca'),
(799926741, 8, 'Hidalgo del Parral'),
(799999748, 20, 'Santiago Tepetlapa'),
(800437716, 30, 'Orizaba'),
(800556097, 20, 'San Francisco Nuxano'),
(800714051, 29, 'Papalotla de Xicohtencatl'),
(801338075, 14, 'Ayotlan'),
(801604780, 13, 'Tlahuiltepa'),
(801706118, 7, 'Tumbala'),
(801873235, 30, 'Nogales'),
(802054865, 32, 'Ojocaliente'),
(802162389, 12, 'Tlacoapa'),
(802396674, 20, 'San Juan Yatzona'),
(802717407, 30, 'Coatzacoalcos'),
(802827678, 9, 'Cuajimalpa de Morelos'),
(803157773, 30, 'Jalcomulco'),
(803545464, 31, 'Panaba'),
(803555733, 19, 'Linares'),
(803559345, 30, 'Tlacolulan'),
(804259203, 20, 'Asuncion Cuyotepeji'),
(804421828, 14, 'La Barca'),
(804495857, 12, 'Copala'),
(804555695, 7, 'Las Margaritas'),
(804574010, 30, 'Coscomatepec'),
(804923588, 12, 'Coyuca de Catalan'),
(805113411, 32, 'Moyahua de Estrada'),
(805832217, 31, 'Hocaba'),
(806089976, 32, 'Tepechitlan'),
(806113345, 30, 'Chontla'),
(806768354, 28, 'Xicotencatl'),
(807072226, 20, 'San Jeronimo Taviche'),
(808306514, 20, 'Santiago Camotlan'),
(808496746, 21, 'San Juan Atzompa'),
(808818168, 30, 'Las Choapas'),
(808970525, 21, 'Cuayuca de Andrade'),
(809190514, 21, 'Santa Catarina Tlaltempan'),
(809224227, 21, 'Huaquechula'),
(809568421, 20, 'Santa Maria Totolapilla'),
(810190667, 30, 'Boca del Rio'),
(810504415, 16, 'Purepero'),
(810535069, 31, 'Teabo'),
(810807387, 27, 'Jalapa'),
(810902280, 30, 'Tlalixcoyan'),
(811421761, 31, 'Tekanto'),
(811485317, 22, 'Landa de Matamoros'),
(812095074, 20, 'San Martin Tilcajete'),
(812578451, 15, 'Almoloya de Alquisiras'),
(813337272, 20, 'Santiago Yolomecatl'),
(813347885, 7, 'Tuxtla Gutierrez'),
(813470964, 20, 'Acatlan de Perez Figueroa'),
(813860479, 7, 'Tapalapa'),
(814048717, 21, 'Nicolas Bravo'),
(814703374, 14, 'Villa Guerrero'),
(814761272, 21, 'Tlaltenango'),
(815202927, 19, 'China'),
(815987708, 16, 'Morelos'),
(816816343, 21, 'Tlahuapan'),
(816893518, 14, 'Cocula'),
(816915368, 20, 'San Juan Bautista Valle Nacion'),
(817014371, 25, 'Ahome'),
(817054823, 24, 'Villa de Reyes'),
(817370459, 32, 'Huanusco'),
(818440350, 15, 'Malinalco'),
(818576113, 8, 'Rosales'),
(818690886, 20, 'Santa Maria Tepantlali'),
(818917853, 12, 'Tecpan de Galeana'),
(819336329, 21, 'Jopala'),
(819816696, 24, 'Armadillo de los Infante'),
(819828120, 20, 'San Pedro Jaltepetongo'),
(819852661, 12, 'Cutzamala de Pinzon'),
(820788957, 7, 'San Fernando'),
(821363919, 14, 'Tepatitlan de Morelos'),
(821371575, 26, 'Guaymas'),
(821427014, 30, 'Angel R. Cabada'),
(822208368, 15, 'Toluca'),
(822803568, 24, 'San Luis Potosi'),
(823139322, 11, 'Penjamo'),
(823376189, 20, 'Santo Domingo Tonaltepec'),
(823616630, 20, 'San Sebastian Abasolo'),
(823837407, 20, 'San Baltazar Chichicapam'),
(824463003, 7, 'Yajalon'),
(825573723, 21, 'Cuautlancingo'),
(825883372, 30, 'Zacualpan'),
(825986709, 12, 'Cuajinicuilapa'),
(826346770, 7, 'San Lucas'),
(827153961, 28, 'Mainero'),
(828064917, 5, 'Francisco I. Madero'),
(828072048, 11, 'Jerecuaro'),
(828185614, 20, 'Heroica Ciudad de Ejutla de Cr'),
(828536898, 20, 'San Pedro Ocotepec'),
(829028268, 8, 'Delicias'),
(829298652, 21, 'Rafael Lara Grajales'),
(829309438, 19, 'Dr. Arroyo'),
(830045141, 21, 'Zoquiapan'),
(830067252, 25, 'Mazatlan'),
(830443467, 5, 'Candela'),
(830551388, 20, 'Santa Ana'),
(830573250, 20, 'San Antonio Tepetlapa'),
(830714088, 30, 'La Perla'),
(830736936, 20, 'Santa Maria Temaxcalapa'),
(831029175, 20, 'Coatecas Altas'),
(831665188, 26, 'Huatabampo'),
(831721407, 30, 'Apazapan'),
(831814292, 15, 'Zinacantepec'),
(832563728, 20, 'San Pedro y San Pablo Tequixte'),
(833128109, 30, 'Tlachichilco'),
(833172180, 20, 'San Juan Achiutla'),
(834186293, 7, 'Ostuacan'),
(834216605, 30, 'Ixhuatlan de Madero'),
(834533461, 25, 'Rosario'),
(835494748, 20, 'Oaxaca de Juarez'),
(835944547, 20, 'San Pedro Teutila'),
(836341815, 21, 'San Diego la Mesa Tochimiltzin'),
(837275993, 20, 'San Jose Chiltepec'),
(837524759, 20, 'Putla Villa de Guerrero'),
(838013020, 32, 'Juan Aldama'),
(838387646, 20, 'San Juan Quiotepec'),
(838531750, 13, 'Ajacuba'),
(839463805, 8, 'Riva Palacio'),
(839905705, 20, 'San Mateo Nejapam'),
(840287159, 7, 'Jitotol'),
(841284576, 7, 'Pantelho'),
(841967827, 14, 'Juchitlan'),
(842432422, 21, 'San Felipe Tepatlan'),
(843116391, 21, 'Izucar de Matamoros'),
(843949460, 20, 'Heroica Ciudad de Huajuapan de'),
(844624719, 14, 'Acatic'),
(844903409, 11, 'Valle de Santiago'),
(846094928, 20, 'Juchitan de Zaragoza'),
(846222627, 5, 'Parras'),
(846279066, 11, 'Uriangato'),
(846574430, 20, 'San Juan Lachao'),
(846594081, 5, 'Piedras Negras'),
(846668102, 28, 'Cruillas'),
(847041483, 31, 'Tahmek'),
(847325785, 26, 'Atil'),
(847769237, 16, 'Jose Sixto Verduzco'),
(847886949, 11, 'Moroleon'),
(848070316, 20, 'Santa Maria Chimalapa'),
(848583494, 24, 'Ahualulco'),
(849112305, 21, 'Huehuetla'),
(849419789, 28, 'Victoria'),
(849573772, 21, 'Tepanco de Lopez'),
(850099696, 14, 'Zapopan'),
(850162560, 16, 'Coalcoman de Vazquez Pallares'),
(850222529, 13, 'Huautla'),
(850335511, 19, 'Guadalupe'),
(850847478, 15, 'Zacualpan'),
(851602158, 32, 'Nochistlan de Mejia'),
(851896115, 20, 'Santa Maria del Tule'),
(851899029, 19, 'Iturbide'),
(852185993, 21, 'Zihuateutla'),
(852280165, 21, 'Zautla'),
(852388633, 30, 'Tlapacoyan'),
(852906920, 28, 'Matamoros'),
(852948329, 30, 'Camerino Z. Mendoza'),
(853365780, 30, 'Las Minas'),
(853637963, 26, 'Arivechi'),
(853710788, 20, 'San Mateo Etlatongo'),
(853755299, 8, 'Guachochi'),
(854324065, 26, 'Baviacora'),
(854421829, 25, 'San Ignacio'),
(854735173, 14, 'Villa Corona'),
(855581444, 1, 'San Francisco de los Romo'),
(856108306, 30, 'Tecolutla'),
(856256013, 12, 'Tetipac'),
(858048685, 31, 'Tekom'),
(858339099, 20, 'Santo Domingo Teojomulco'),
(858519166, 30, 'Hueyapan de Ocampo'),
(858896280, 32, 'Trancoso'),
(858906046, 31, 'Tetiz'),
(858962025, 30, 'Papantla'),
(859389022, 17, 'Temixco'),
(859699814, 14, 'Valle de Guadalupe'),
(859712925, 11, 'Comonfort'),
(859748709, 17, 'Amacuzac'),
(859948368, 8, 'Juarez'),
(860651928, 13, 'Tulancingo de Bravo'),
(860798382, 13, 'Atotonilco el Grande'),
(860928942, 28, 'Miquihuana'),
(861095440, 12, 'Copanatoyac'),
(861114717, 21, 'La Magdalena Tlatlauquitepec'),
(862783265, 10, 'San Bernardo'),
(862960306, 12, 'Petatlan'),
(863264198, 13, 'Jaltocan'),
(863524612, 30, 'Tantoyuca'),
(863785912, 23, 'Felipe Carrillo Puerto'),
(863875715, 5, 'Zaragoza'),
(863967553, 20, 'Santo Domingo Tlatayapam'),
(864003826, 20, 'San Juan Tepeuxila'),
(864342778, 19, 'Sabinas Hidalgo'),
(864641726, 8, 'Chihuahua'),
(864715643, 14, 'Ayutla'),
(864994482, 25, 'Navolato'),
(865184375, 20, 'San Francisco Sola'),
(865493935, 8, 'Temosachic'),
(865766124, 16, 'Taretan'),
(865941045, 17, 'Totolapan'),
(866073299, 20, 'San Marcial Ozolotepec'),
(867070040, 30, 'Paso de Ovejas'),
(867158436, 20, 'Santa Ana Tavela'),
(867180219, 30, 'Otatitlan'),
(867419260, 5, 'San Juan de Sabinas'),
(868804173, 26, 'Onavas'),
(868892429, 20, 'Cienega de Zimatlan'),
(868985741, 20, 'Santa Maria Yolotepec'),
(869009444, 20, 'San Juan Quiahije'),
(869338558, 20, 'Salina Cruz'),
(869787282, 20, 'Yutanduchi de Guerrero'),
(869804423, 21, 'Chalchicomula de Sesma'),
(870507603, 31, 'Temax'),
(870744905, 24, 'Tampacan'),
(871161894, 30, 'Chalma'),
(871187802, 30, 'Juchique de Ferrer'),
(872066759, 20, 'Santa Maria la Asuncion'),
(872125093, 30, 'Nanchital de Lazaro Cardenas d'),
(872259726, 20, 'San Pedro Totolapa'),
(872431546, 13, 'Xochicoatlan'),
(873066374, 16, 'Susupuato'),
(873479630, 19, 'Cerralvo'),
(874099902, 31, 'Ucu'),
(874333971, 16, 'Chavinda'),
(874458818, 11, 'Acambaro'),
(874629776, 14, 'Zacoalco de Torres'),
(875400012, 30, 'Tepatlaxco'),
(875650747, 14, 'Guadalajara'),
(875724141, 15, 'Xonacatlan'),
(876209566, 20, 'Zimatlan de alvarez'),
(876625522, 24, 'Villa de la Paz'),
(876682970, 26, 'Huasabas'),
(877500476, 15, 'Tequixquiac'),
(877598038, 1, 'Jesus Maria'),
(879346577, 14, 'Chimaltitan'),
(879485301, 20, 'Santo Domingo Chihuitan'),
(880336540, 14, 'Lagos de Moreno'),
(881418358, 26, 'Benito Juarez'),
(881645520, 20, 'Villa de Tututepec de Melchor'),
(881781232, 15, 'Jilotzingo'),
(882008011, 15, 'Calimaya'),
(882245724, 15, 'Cuautitlan'),
(883235420, 26, 'Agua Prieta'),
(883261999, 9, 'Iztacalco'),
(883471235, 21, 'Guadalupe'),
(883657813, 21, 'Chiconcuautla'),
(883751828, 8, 'Gran Morelos'),
(883866776, 10, 'Lerdo'),
(884377600, 14, 'Gomez Farias'),
(885251602, 29, 'Tepeyanco'),
(885767137, 30, 'Jaltipan'),
(886111087, 20, 'San Cristobal Lachirioag'),
(886452946, 21, 'Acajete'),
(886465628, 7, 'Frontera Hidalgo'),
(886511696, 12, 'Ometepec'),
(887084367, 31, 'Dzan'),
(887749202, 25, 'Sinaloa'),
(888073713, 26, 'Ures'),
(888715998, 21, 'Teotlalco'),
(888782968, 10, 'El Oro'),
(889274438, 21, 'San Pablo Anicano'),
(889591892, 20, 'San Juan Lajarcia'),
(889733614, 20, 'Nuevo Zoquiapam'),
(890323299, 7, 'Ocotepec'),
(890962168, 12, 'Zihuatanejo de Azueta'),
(891704458, 12, 'San Marcos'),
(892505038, 20, 'San Juan Teita'),
(892778821, 4, 'Campeche'),
(892998993, 31, 'Hunucma'),
(893739071, 10, 'Panuco de Coronado'),
(894975116, 7, 'Francisco Leon'),
(895372969, 30, 'Tihuatlan'),
(895648348, 16, 'Periban'),
(896484249, 15, 'Almoloya de Juarez'),
(896586524, 24, 'Tierra Nueva'),
(897182258, 7, 'Simojovel'),
(897253007, 16, 'Huiramba'),
(897511541, 4, 'Hopelchen'),
(897862283, 29, 'Apizaco'),
(897867298, 21, 'Hueytamalco'),
(899168328, 19, 'Montemorelos'),
(899327674, 8, 'Praxedis G. Guerrero'),
(899842408, 15, 'Ixtapan de la Sal'),
(900060747, 31, 'Teya'),
(900161852, 30, 'Atoyac'),
(900806868, 19, 'San Nicolas de los Garza'),
(900975105, 7, 'Aldama'),
(901207301, 22, 'Corregidora'),
(901241658, 7, 'La Concordia'),
(901983384, 20, 'San Miguel el Grande'),
(902233486, 13, 'Pacula'),
(903728474, 16, 'Zamora'),
(903818867, 31, 'Yaxkukul'),
(904028133, 24, 'Ebano'),
(904945694, 24, 'San Antonio'),
(905093891, 20, 'Santo Tomas Tamazulapan'),
(905446077, 25, 'Mocorito'),
(905665954, 20, 'Santa Maria Jacatepec'),
(905821765, 24, 'Salinas'),
(906796879, 13, 'Santiago de Anaya'),
(906845535, 30, 'Ixhuatlan del Cafe'),
(907394386, 30, 'San Rafael'),
(908843104, 16, 'Madero'),
(908846234, 13, 'Singuilucan'),
(909009718, 5, 'Morelos'),
(909077468, 20, 'Santiago Tillo'),
(909082262, 15, 'Texcaltitlan'),
(909258700, 7, 'Catazaja'),
(909879647, 13, 'San Bartolo Tutotepec'),
(910680533, 5, 'Muzquiz'),
(911376476, 8, 'Jimenez'),
(911957203, 20, 'Monjas'),
(912189737, 20, 'San Jose Lachiguiri'),
(912456699, 8, 'Saucillo'),
(912868631, 12, 'La Union de Isidoro Montes de'),
(912990491, 8, 'Bachiniva'),
(913074227, 28, 'Altamira'),
(913446895, 16, 'Chilchota'),
(914203550, 20, 'Santiago Tetepec'),
(914403483, 7, 'Soyalo'),
(914694149, 6, 'Colima'),
(914810631, 20, 'Santa Cruz Xitla'),
(914888488, 16, 'Hidalgo'),
(914964497, 12, 'Atlamajalcingo del Monte'),
(914970923, 21, 'Naupan'),
(914990091, 7, 'Pijijiapan'),
(915515604, 11, 'Manuel Doblado'),
(916383800, 29, 'Tlaxcala'),
(916950220, 30, 'Tatahuicapan de Juarez'),
(917540458, 31, 'Motul'),
(917592644, 26, 'Carbo'),
(917805835, 7, 'Villaflores'),
(917951171, 20, 'San Francisco Ozolotepec'),
(918084065, 30, 'Zontecomatlan de Lopez y Fuent'),
(918240302, 21, 'San Gregorio Atzompa'),
(918854951, 20, 'San Francisco Jaltepetongo'),
(918922001, 24, 'Huehuetlan'),
(918959884, 21, 'Tlapacoya'),
(919047223, 20, 'San Pedro Nopala'),
(919138586, 10, 'San Dimas'),
(919575444, 20, 'Ayoquezco de Aldama'),
(920097292, 13, 'Santiago Tulantepec de Lugo Gu'),
(920644892, 21, 'Xicotepec'),
(921718560, 17, 'Jojutla'),
(922533482, 20, 'Ixpantepec Nieves'),
(923806866, 15, 'Nicolas Romero'),
(924027169, 21, 'Tehuacan'),
(924752090, 15, 'Tezoyuca'),
(925179964, 12, 'Iguala de la Independencia'),
(925452422, 6, 'Villa de alvarez'),
(926220483, 4, 'Tenabo'),
(927385055, 16, 'Tepalcatepec'),
(927527184, 31, 'Tixcacalcupul'),
(928443338, 20, 'Santa Cruz Tayata'),
(929377369, 29, 'San Pablo del Monte'),
(929936274, 11, 'Huanimaro'),
(930640680, 21, 'Chila'),
(930860639, 10, 'San Juan del Rio'),
(931312400, 12, 'Zirandaro'),
(931338350, 12, 'Buenavista de Cuellar'),
(932035216, 13, 'Omitlan de Juarez'),
(932485713, 15, 'Ozumba'),
(932588899, 27, 'Emiliano Zapata'),
(933591726, 30, 'Tepetzintla'),
(933654652, 3, 'Los Cabos'),
(933869361, 20, 'Santa Maria del Rosario'),
(933933584, 20, 'Santa Maria Cortijo'),
(934008510, 25, 'Elota'),
(934811047, 30, 'El Higo'),
(934901424, 26, 'Nacozari de Garcia'),
(935270531, 21, 'Huitzilan de Serdan'),
(935566230, 16, 'Penjamillo'),
(935573116, 14, 'Yahualica de Gonzalez Gallo'),
(935917589, 20, 'Asuncion Ixtaltepec'),
(936345212, 13, 'Tlaxcoapan'),
(937285188, 20, 'Teotitlan del Valle'),
(937554158, 21, 'Tepatlaxco de Hidalgo'),
(937760032, 19, 'Paras'),
(938217995, 20, 'San Pedro Topiltepec'),
(938758018, 32, 'Calera'),
(939809559, 20, 'San Pedro Amuzgos'),
(940173461, 16, 'Churintzio'),
(940393381, 26, 'Cumpas'),
(940534435, 20, 'San Juan Petlapa'),
(941039946, 11, 'San Miguel de Allende'),
(941059980, 10, 'Canatlan'),
(941225340, 28, 'Reynosa'),
(941349196, 14, 'Magdalena'),
(941636862, 20, 'San Sebastian Ixcapa'),
(941792417, 21, 'Nopalucan'),
(941916000, 20, 'Reyes Etla'),
(942256929, 20, 'Santiago Tlazoyaltepec'),
(942470370, 31, 'Cacalchen'),
(942784958, 24, 'Axtla de Terrazas'),
(943973680, 7, 'Cacahoatan'),
(944167387, 30, 'Gutierrez Zamora'),
(944195845, 23, 'Bacalar'),
(944741570, 24, 'Tamuin'),
(945733462, 15, 'Jiquipilco'),
(945739159, 10, 'Vicente Guerrero'),
(946303223, 21, 'Zoquitlan'),
(946707007, 20, 'Santiago Jamiltepec'),
(946808347, 7, 'Ixhuatan'),
(946837304, 5, 'Sacramento'),
(947004001, 30, 'La Antigua'),
(947202565, 8, 'Morelos'),
(948375111, 16, 'Tlazazalca'),
(948666311, 4, 'Escarcega'),
(948911700, 14, 'Huejuquilla el Alto'),
(948998372, 19, 'Santa Catarina'),
(949045459, 12, 'Azoyu'),
(949113559, 29, 'Hueyotlipan'),
(949670447, 30, 'Tequila'),
(950431379, 15, 'Villa Victoria'),
(950712868, 15, 'Donato Guerra'),
(951009610, 20, 'San Miguel Tulancingo'),
(951114431, 31, 'Chankom'),
(951146739, 20, 'Santa Maria Texcatitlan'),
(951332463, 20, 'Santa Maria Yosoyua'),
(951818323, 11, 'Silao'),
(952845720, 15, 'Santo Tomas'),
(953107496, 7, 'San Cristobal de las Casas'),
(953650118, 12, 'San Luis Acatlan'),
(953915661, 31, 'Dzoncauich'),
(955207661, 14, 'Jalostotitlan'),
(955217467, 20, 'San Pedro Yucunama'),
(955985383, 30, 'Altotonga'),
(956196878, 30, 'Veracruz'),
(957634241, 14, 'Zapotlanejo'),
(957715806, 14, 'Poncitlan'),
(958013654, 32, 'Apulco'),
(958031345, 21, 'Chila de la Sal'),
(959291931, 20, 'El Barrio de la Soledad'),
(959428510, 14, 'Cihuatlan'),
(959641828, 8, 'Maguarichi'),
(960624656, 14, 'Tequila'),
(961431265, 11, 'Cortazar'),
(962012845, 24, 'Villa Hidalgo'),
(962127786, 8, 'Carichi'),
(962810597, 16, 'Zitacuaro'),
(963028859, 19, 'Los Aldamas'),
(963147960, 20, 'San Juan Teitipac'),
(963275463, 26, 'Mazatan'),
(963632976, 21, 'Ixcamilpa de Guerrero'),
(964288637, 30, 'Banderilla'),
(964551030, 28, 'Gonzalez'),
(964698684, 21, 'Canada Morelos'),
(965315835, 30, 'Chiconamel'),
(966750995, 20, 'Santa Catarina Loxicha'),
(966833925, 20, 'Santa Maria Tlahuitoltepec'),
(966852741, 28, 'Ciudad Madero'),
(968675810, 17, 'Mazatepec'),
(968806686, 20, 'Santa Maria Guelace'),
(969072056, 22, 'Huimilpan'),
(969276578, 15, 'Ixtapaluca'),
(969753570, 20, 'Santa Maria Temaxcaltepec'),
(970040868, 9, 'Cuauhtemoc'),
(970655725, 7, 'Oxchuc'),
(970660052, 24, 'Tamasopo'),
(970806056, 11, 'Ocampo'),
(971049907, 15, 'San Mateo Atenco'),
(971075480, 30, 'Espinal'),
(971285540, 20, 'Rojas de Cuauhtemoc'),
(971567617, 11, 'Romita'),
(971768562, 13, 'Atotonilco de Tula'),
(972230309, 15, 'Amecameca'),
(972526237, 16, 'Huetamo'),
(972592001, 32, 'Canitas de Felipe Pescador'),
(972683457, 20, 'San Jose del Penasco'),
(972978785, 14, 'Arandas'),
(973177488, 21, 'Tetela de Ocampo'),
(973245702, 15, 'Tonanitla'),
(973420037, 20, 'San Miguel Quetzaltepec'),
(974018521, 28, 'Hidalgo'),
(974318167, 27, 'Huimanguillo'),
(974562016, 18, 'Tecuala'),
(974584349, 20, 'San Miguel Peras'),
(974591763, 16, 'Uruapan'),
(974692506, 20, 'Santiago Suchilquitongo'),
(974755532, 20, 'Santiago Apostol'),
(975202768, 1, 'Aguascalientes'),
(975407836, 14, 'Tuxpan'),
(975447087, 18, 'Santa Maria del Oro'),
(975836860, 19, 'Cadereyta Jimenez'),
(977297115, 21, 'General Felipe angeles'),
(977433339, 28, 'Padilla'),
(977619098, 10, 'Rodeo'),
(978172469, 20, 'San Pedro Juchatengo'),
(978635434, 30, 'Tlalnelhuayocan'),
(978731466, 20, 'Matias Romero Avendano'),
(980232348, 30, 'Coyutla'),
(980435534, 20, 'San Andres Ixtlahuaca'),
(981006950, 30, 'Poza Rica de Hidalgo'),
(981828645, 20, 'San Francisco Telixtlahuaca'),
(982472031, 11, 'Doctor Mora'),
(982998920, 15, 'Atizapan'),
(983721341, 20, 'San Juan Mixtepec -Dto. 26 -'),
(983883637, 13, 'Tepeapulco'),
(984033576, 32, 'Villanueva'),
(984312128, 30, 'Ayahualulco'),
(984576490, 17, 'Xochitepec'),
(984785571, 30, 'Rio Blanco'),
(984798355, 24, 'Matehuala'),
(985017225, 32, 'Sombrerete'),
(985711112, 20, 'San Vicente Nunu'),
(986553149, 7, 'Tapachula'),
(986739907, 12, 'Atenango del Rio'),
(986854449, 30, 'Tehuipango'),
(987061996, 7, 'Pueblo Nuevo Solistahuacan'),
(987110639, 21, 'Tlatlauquitepec'),
(987627004, 18, 'Santiago Ixcuintla'),
(988568149, 20, 'Santa Lucia Miahuatlan'),
(988866124, 31, 'Telchac Puerto'),
(989879320, 21, 'Ajalpan'),
(990340114, 25, 'Salvador Alvarado'),
(992148149, 5, 'Guerrero'),
(992342128, 20, 'Villa Hidalgo'),
(992406426, 11, 'Celaya'),
(992746098, 31, 'Tekal de Venegas'),
(993291279, 11, 'Cueramaro'),
(993625573, 10, 'Poanas'),
(993774541, 20, 'San Juan Guelavia'),
(993779773, 7, 'Ixtapa'),
(994668697, 26, 'Rayon'),
(994679479, 31, 'Acanceh'),
(994795676, 29, 'Contla de Juan Cuamatzi'),
(994862869, 18, 'Rosamorada'),
(994901411, 21, 'San Miguel Xoxtla'),
(994930703, 15, 'Tlatlaya'),
(995256671, 7, 'Chiapa de Corzo'),
(995362841, 20, 'Santa Cruz Itundujia'),
(995417947, 14, 'Casimiro Castillo'),
(995531919, 11, 'Santiago Maravatio'),
(995735473, 14, 'Ahualulco de Mercado'),
(996155575, 14, 'Cuautla'),
(996503427, 14, 'Tlajomulco de Zuniga'),
(996818174, 12, 'Tlalixtaquilla de Maldonado'),
(996920531, 26, 'Cajeme'),
(997065902, 7, 'Metapa'),
(998328282, 15, 'Tepetlixpa'),
(998737447, 18, 'Ruiz'),
(999036671, 11, 'Apaseo el Grande'),
(999868087, 29, 'Acuamanala de Miguel Hidalgo');

-- --------------------------------------------------------

--
-- Estructura de tabla para la tabla `noticias`
--

CREATE TABLE `noticias` (
  `id` int(11) NOT NULL,
  `nombre` varchar(255) DEFAULT NULL,
  `id_autor` int(11) DEFAULT NULL,
  `created_at` datetime DEFAULT NULL,
  `texto` mediumtext
) ENGINE=InnoDB DEFAULT CHARSET=latin1;

--
-- Volcado de datos para la tabla `noticias`
--

INSERT INTO `noticias` (`id`, `nombre`, `id_autor`, `created_at`, `texto`) VALUES
(1, 'Exposicion Cultural', 1, '2019-11-22 00:00:00', 'Te esperamos hasta el 2 de diciembre, en la Casa de la Cultura Malinalxochitl, en la Exposici贸n Colectiva \"Esplendor Natural y Arte. Pasado y Presente\"; en donde exhibimos algunas de nuestras esculturas.\r\n\r\n#Muebles #Parota #Mezquite #Mesas #Sillas #Decoracion #Madera #Elegante #interiorismo #arquitectura #artenatural #hoteleria #dise帽os #armonia #mesas #restaurantes #oleo #cuadro\r\n\r\nRaciel #ArteEnMadera\r\nM茅xico ??\r\n'),
(2, 'Raciel Arte en Madera', 1, '2019-11-14 00:00:00', '隆Estamos en Instagram! ?\r\n\r\nEncu茅ntranos como racielarteenmadera ??\r\n\r\nhttps://www.instagram.com/racielarteenmadera/'),
(3, 'Aprovecha tu aguinaldo', 1, '2019-11-14 00:00:00', 'En Raciel Arte en Madera tenemos la #decoraci贸n perfecta para tu #hogar.\r\n\r\n#Muebles #Parota #Mezquite #Mesas #Sillas #Decoracion #Madera #Elegante #interiorismo #arquitectura #artenatural #hoteleria #dise帽os #armonia #mesas #restaurantes #oleo #cuadro\r\n\r\nRaciel #ArteEnMadera\r\nM茅xico ?'),
(5, 'Aprovecha tu aguinaldo', 1, '2019-11-12 00:00:00', 'Aprovecha tu aguinaldo'),
(6, 'Aprovecha tu aguinaldo', 1, '2019-11-13 00:00:00', 'Aprovecha tu aguinaldo'),
(7, 'Aprovecha tu aguinaldo', 1, '2019-12-04 01:47:12', 'Aprovecha tu aguinaldo'),
(8, 'Aprovecha tu aguinaldo', 1, '2019-11-12 00:00:00', 'Aprovecha tu aguinaldo'),
(9, 'Aprovecha tu aguinaldo', 1, '2019-11-13 00:00:00', 'Aprovecha tu aguinaldo');

-- --------------------------------------------------------

--
-- Estructura de tabla para la tabla `obrasarquite`
--

CREATE TABLE `obrasarquite` (
  `id` int(11) NOT NULL,
  `nombre` varchar(255) DEFAULT NULL,
  `descripcion` mediumtext,
  `id_usuario` int(11) DEFAULT NULL,
  `fecha` date DEFAULT NULL,
  `imagen` varchar(255) DEFAULT NULL
) ENGINE=InnoDB DEFAULT CHARSET=latin1;

--
-- Volcado de datos para la tabla `obrasarquite`
--

INSERT INTO `obrasarquite` (`id`, `nombre`, `descripcion`, `id_usuario`, `fecha`, `imagen`) VALUES
(1, 'CASA LOMAS TULTEPEC', 'CASA LOMAS TULTEPEC', 1, NULL, 'casas (12).jpeg\r\n'),
(2, 'CASA LOMAS TULTEPEC', 'CASA LOMAS TULTEPEC', 1, NULL, 'casas (15).jpeg'),
(3, 'CASA LOMAS TULTEPEC', 'CASA LOMAS TULTEPEC', 1, NULL, 'casas (14).jpeg');

-- --------------------------------------------------------

--
-- Estructura de tabla para la tabla `pedidos`
--

CREATE TABLE `pedidos` (
  `id` int(11) NOT NULL,
  `usuario_id` int(11) DEFAULT NULL,
  `direccion` int(11) DEFAULT NULL,
  `coste` double DEFAULT NULL,
  `estado` varchar(255) DEFAULT NULL,
  `fecha` date DEFAULT NULL,
  `hora` time DEFAULT NULL
) ENGINE=InnoDB DEFAULT CHARSET=latin1;

--
-- Volcado de datos para la tabla `pedidos`
--

INSERT INTO `pedidos` (`id`, `usuario_id`, `direccion`, `coste`, `estado`, `fecha`, `hora`) VALUES
(10, 1, 104, 96300, 'cancel', '2019-12-13', '17:53:56'),
(11, 1, 103, 96323, 'confirm', '2019-12-13', '17:59:14'),
(12, 1, 103, 96323, 'ready', '2019-12-13', '18:00:05'),
(13, 1, 103, 557, 'preparation', '2019-12-13', '18:05:11'),
(14, 1, 103, 32000, 'preparation', '2019-12-13', '19:56:09'),
(15, 1, 103, 900, 'send', '2019-12-13', '21:00:50'),
(16, 1, 107, 3323, 'confirm', '2019-12-17', '21:50:35');

-- --------------------------------------------------------

--
-- Estructura de tabla para la tabla `productos`
--

CREATE TABLE `productos` (
  `id` int(11) NOT NULL,
  `categoria_id` int(11) DEFAULT NULL,
  `nombre` varchar(255) DEFAULT NULL,
  `descripcion` varchar(255) DEFAULT NULL,
  `precio` double DEFAULT NULL,
  `precionConDescuento` double NOT NULL,
  `stock` int(11) DEFAULT NULL,
  `oferta` double DEFAULT NULL,
  `fecha` date DEFAULT NULL,
  `imagen` varchar(255) DEFAULT NULL,
  `dimensiones` varchar(300) NOT NULL,
  `status` varchar(50) DEFAULT NULL
) ENGINE=InnoDB DEFAULT CHARSET=latin1;

--
-- Volcado de datos para la tabla `productos`
--

INSERT INTO `productos` (`id`, `categoria_id`, `nombre`, `descripcion`, `precio`, `precionConDescuento`, `stock`, `oferta`, `fecha`, `imagen`, `dimensiones`, `status`) VALUES
(1, 1, 'Mesa Parota', 'Hermosa Mesa de rodaja de Parota lista para enviarla hasta donde tu la requieras.\r\n\r\n#Muebles #Parota #Mezquite #Mesas #Sillas #Decoracion\r\n\r\nRaciel #ArteEnMadera\r\nM茅xico ??', 410, 300, 10, 0, '2019-11-20', 'mesa.jpg', '', NULL),
(2, 1, 'Mesa de Parota', 'Hermosa mesa de #Parota disponible para entrega inmediata.\r\n\r\n#Muebles #Mezquite #Mesas #Sillas #Decoracion\r\n\r\nRaciel #ArteEnMadera\r\nM茅xico ', 25000, 0, 0, 20, '2019-11-15', 'mesa2.jpg', '', NULL),
(3, 1, 'Comedor', 'El momento que estabas esperando para renovar tu comedor, ya est谩 aqu铆, aprovecha nuestros excelentes precios y ll茅vate 茅ste hermoso comedor con sillas de encino.\r\n\r\n#Muebles #Parota #Mezquit', 32000, 0, 23, 23, '2019-11-13', 'mesa3.jpg', '', NULL),
(4, 2, 'Escultura de pared', 'Moderniza tus espacios con 茅sta escultura ? en acero inoxidable que Raciel Arte en Madera tiene para ti.\r\n\r\n#Muebles #Parota #Mezquite #Mesas #Sillas #Decoracion #Madera #Elegante #interiorismo #arquitectura #artenatural #hoteleria #dise帽os #armonia #mesa', 23, 0, 23, 23, '2019-11-18', 'pared.jpg', 'Dimensiones: Largo 100 cms., ancho 100 cms. y altura 81 cms.', NULL),
(5, 1, 'Mesa con  Madera de Durmiente.', 'Su estilo mostrar谩 clase y elegancia a ese espacio que quieres decorar, #Mesa hecha con Madera de Durmiente.', 234, 0, 23, 23, '2019-11-06', 'mesa4.jpg', '', NULL);

-- --------------------------------------------------------

--
-- Estructura de tabla para la tabla `usuarios`
--

CREATE TABLE `usuarios` (
  `id` int(11) NOT NULL,
  `nombre` varchar(255) DEFAULT NULL,
  `apellidos` varchar(255) DEFAULT NULL,
  `email` varchar(255) DEFAULT NULL,
  `password` varchar(255) DEFAULT NULL,
  `rol` varchar(255) DEFAULT NULL,
  `image` varchar(500) DEFAULT NULL,
  `telefono` varchar(50) DEFAULT NULL,
  `telefonoAlter` varchar(50) DEFAULT NULL
) ENGINE=InnoDB DEFAULT CHARSET=latin1;

--
-- Volcado de datos para la tabla `usuarios`
--

INSERT INTO `usuarios` (`id`, `nombre`, `apellidos`, `email`, `password`, `rol`, `image`, `telefono`, `telefonoAlter`) VALUES
(1, 'WEB MASTER', 'MENDIETA', 'isaul92@outlook.es', '$2y$04$UfVyg9S8mkFLTfztyFjmV.RDkdvN5uYwr.yPI9ZW17QkYHtm2fn5y', 'admin', '', '44444064', '44444064');

--
-- ndices para tablas volcadas
--

--
-- Indices de la tabla `categorias`
--
ALTER TABLE `categorias`
  ADD PRIMARY KEY (`id`);

--
-- Indices de la tabla `comments`
--
ALTER TABLE `comments`
  ADD PRIMARY KEY (`id`),
  ADD KEY `id_user` (`id_user`),
  ADD KEY `id_noticia` (`id_noticia`);

--
-- Indices de la tabla `direccionesuser`
--
ALTER TABLE `direccionesuser`
  ADD PRIMARY KEY (`id`),
  ADD KEY `id_user` (`id_user`);

--
-- Indices de la tabla `estados`
--
ALTER TABLE `estados`
  ADD PRIMARY KEY (`idEstado`);

--
-- Indices de la tabla `imagenesgrupo`
--
ALTER TABLE `imagenesgrupo`
  ADD PRIMARY KEY (`id`),
  ADD KEY `id_obra` (`id_obra`);

--
-- Indices de la tabla `imagenesgrupoproductos`
--
ALTER TABLE `imagenesgrupoproductos`
  ADD PRIMARY KEY (`id`);

--
-- Indices de la tabla `lineas_pedido`
--
ALTER TABLE `lineas_pedido`
  ADD PRIMARY KEY (`id`),
  ADD KEY `pedido_id` (`pedido_id`);

--
-- Indices de la tabla `municipios`
--
ALTER TABLE `municipios`
  ADD PRIMARY KEY (`clave`);

--
-- Indices de la tabla `noticias`
--
ALTER TABLE `noticias`
  ADD PRIMARY KEY (`id`),
  ADD KEY `id_autor` (`id_autor`);

--
-- Indices de la tabla `obrasarquite`
--
ALTER TABLE `obrasarquite`
  ADD PRIMARY KEY (`id`);

--
-- Indices de la tabla `pedidos`
--
ALTER TABLE `pedidos`
  ADD PRIMARY KEY (`id`),
  ADD KEY `usuario_id` (`usuario_id`),
  ADD KEY `direccion` (`direccion`);

--
-- Indices de la tabla `productos`
--
ALTER TABLE `productos`
  ADD PRIMARY KEY (`id`),
  ADD KEY `categoria_id` (`categoria_id`);

--
-- Indices de la tabla `usuarios`
--
ALTER TABLE `usuarios`
  ADD PRIMARY KEY (`id`),
  ADD UNIQUE KEY `email` (`email`);

--
-- AUTO_INCREMENT de las tablas volcadas
--

--
-- AUTO_INCREMENT de la tabla `categorias`
--
ALTER TABLE `categorias`
  MODIFY `id` int(11) NOT NULL AUTO_INCREMENT, AUTO_INCREMENT=16;

--
-- AUTO_INCREMENT de la tabla `comments`
--
ALTER TABLE `comments`
  MODIFY `id` int(11) NOT NULL AUTO_INCREMENT, AUTO_INCREMENT=4;

--
-- AUTO_INCREMENT de la tabla `direccionesuser`
--
ALTER TABLE `direccionesuser`
  MODIFY `id` int(11) NOT NULL AUTO_INCREMENT, AUTO_INCREMENT=108;

--
-- AUTO_INCREMENT de la tabla `imagenesgrupo`
--
ALTER TABLE `imagenesgrupo`
  MODIFY `id` int(11) NOT NULL AUTO_INCREMENT, AUTO_INCREMENT=7;

--
-- AUTO_INCREMENT de la tabla `imagenesgrupoproductos`
--
ALTER TABLE `imagenesgrupoproductos`
  MODIFY `id` int(11) NOT NULL AUTO_INCREMENT;

--
-- AUTO_INCREMENT de la tabla `lineas_pedido`
--
ALTER TABLE `lineas_pedido`
  MODIFY `id` int(11) NOT NULL AUTO_INCREMENT, AUTO_INCREMENT=14;

--
-- AUTO_INCREMENT de la tabla `noticias`
--
ALTER TABLE `noticias`
  MODIFY `id` int(11) NOT NULL AUTO_INCREMENT, AUTO_INCREMENT=10;

--
-- AUTO_INCREMENT de la tabla `obrasarquite`
--
ALTER TABLE `obrasarquite`
  MODIFY `id` int(11) NOT NULL AUTO_INCREMENT, AUTO_INCREMENT=4;

--
-- AUTO_INCREMENT de la tabla `pedidos`
--
ALTER TABLE `pedidos`
  MODIFY `id` int(11) NOT NULL AUTO_INCREMENT, AUTO_INCREMENT=17;

--
-- AUTO_INCREMENT de la tabla `productos`
--
ALTER TABLE `productos`
  MODIFY `id` int(11) NOT NULL AUTO_INCREMENT, AUTO_INCREMENT=6;

--
-- AUTO_INCREMENT de la tabla `usuarios`
--
ALTER TABLE `usuarios`
  MODIFY `id` int(11) NOT NULL AUTO_INCREMENT, AUTO_INCREMENT=2;

--
-- Restricciones para tablas volcadas
--

--
-- Filtros para la tabla `comments`
--
ALTER TABLE `comments`
  ADD CONSTRAINT `comments_ibfk_1` FOREIGN KEY (`id_user`) REFERENCES `usuarios` (`id`),
  ADD CONSTRAINT `comments_ibfk_2` FOREIGN KEY (`id_noticia`) REFERENCES `noticias` (`id`);

--
-- Filtros para la tabla `direccionesuser`
--
ALTER TABLE `direccionesuser`
  ADD CONSTRAINT `direccionesuser_ibfk_1` FOREIGN KEY (`id_user`) REFERENCES `usuarios` (`id`);

--
-- Filtros para la tabla `imagenesgrupo`
--
ALTER TABLE `imagenesgrupo`
  ADD CONSTRAINT `imagenesgrupo_ibfk_1` FOREIGN KEY (`id`) REFERENCES `noticias` (`id`),
  ADD CONSTRAINT `imagenesgrupo_ibfk_2` FOREIGN KEY (`id_obra`) REFERENCES `obrasarquite` (`id`);

--
-- Filtros para la tabla `imagenesgrupoproductos`
--
ALTER TABLE `imagenesgrupoproductos`
  ADD CONSTRAINT `imagenesgrupoproductos_ibfk_1` FOREIGN KEY (`id`) REFERENCES `productos` (`id`);

--
-- Filtros para la tabla `lineas_pedido`
--
ALTER TABLE `lineas_pedido`
  ADD CONSTRAINT `lineas_pedido_ibfk_1` FOREIGN KEY (`pedido_id`) REFERENCES `pedidos` (`id`);

--
-- Filtros para la tabla `noticias`
--
ALTER TABLE `noticias`
  ADD CONSTRAINT `noticias_ibfk_1` FOREIGN KEY (`id_autor`) REFERENCES `usuarios` (`id`);

--
-- Filtros para la tabla `pedidos`
--
ALTER TABLE `pedidos`
  ADD CONSTRAINT `pedidos_ibfk_1` FOREIGN KEY (`usuario_id`) REFERENCES `usuarios` (`id`),
  ADD CONSTRAINT `pedidos_ibfk_2` FOREIGN KEY (`direccion`) REFERENCES `direccionesuser` (`id`);

--
-- Filtros para la tabla `productos`
--
ALTER TABLE `productos`
  ADD CONSTRAINT `productos_ibfk_1` FOREIGN KEY (`categoria_id`) REFERENCES `categorias` (`id`);
COMMIT;

/*!40101 SET CHARACTER_SET_CLIENT=@OLD_CHARACTER_SET_CLIENT */;
/*!40101 SET CHARACTER_SET_RESULTS=@OLD_CHARACTER_SET_RESULTS */;
/*!40101 SET COLLATION_CONNECTION=@OLD_COLLATION_CONNECTION */;
